distance_km,fuel_liters,passengers,electricity_kwh,grid_factor,renewable_share,vehicle_type,fuel_type,co2_kg
193.9411000418789,17.66266072843616,29,23.156368869752747,0.4065064087325897,78.04978813094047,Train,CNG,3.595636629648506
196.94394770868453,16.378393327381797,20,16.282219060574132,0.5724788145395487,74.14119910788814,Train,Hybrid,3.5961928297597163
206.04488009116582,15.451821748497343,24,22.07949114544658,0.3882903536625052,66.21049375940656,Train,Petrol,4.649218612859434
190.00575954117272,14.471954206289844,20,23.890741308813396,0.8858726727933186,62.27067976590095,Bus,CNG,13.123556078964988
117.74680892430447,1.6782014173518003,22,13.497964904461979,0.7968572935446903,77.4007785947368,Bus,Electric,2.2143208838018578
93.87400709664749,9.054792769871614,2,13.903289880548316,0.427952903201283,38.0563940980747,Bus,Petrol,25.005858181153965
168.11387068126257,15.095797760048939,42,14.14934823897148,0.8328586144980811,30.99827032241396,Train,CNG,9.114949868455676
171.2588849857939,14.718764846365524,3,19.84154275086697,0.3544173618506033,62.95395020017107,Motorcycle,Petrol,15.889359885520676
176.8810138993311,1.975826346595241,13,15.13258999695974,0.43387819887659446,9.162405882877875,Train,Electric,5.583049973971152
118.83185912349687,0.6439633532358084,4,10.543645792406586,0.7308309920003544,44.286352052639664,Motorcycle,Electric,4.623344869772443
77.37962431952782,0.7360694076618142,27,11.169865956981397,0.5951171862347817,68.27224586145329,Bus,Electric,1.6041863537367305
16.459079938888372,2.3659114830148926,2,2.215610938171098,0.7471499088361371,44.562572187302266,Train,Petrol,2.810802285289368
166.7497580011921,14.809363641880832,3,14.027272035852604,0.36362724388031625,7.20382886205134,Car,Diesel,27.541651066839243
116.54555310234407,8.773324744789893,18,11.704531785145157,0.44138726162790104,55.70563000621888,Train,CNG,3.723886871970129
96.49326407192765,7.881668917514506,2,2.8999886713606458,0.4025899515896606,9.440472169641225,Truck,CNG,21.62631089921335
227.32801129548656,17.133042830570425,14,21.220150913391095,0.9315058264086343,62.30007231726357,Bus,CNG,16.427608713305776
113.44165253165959,7.553426934483803,4,9.988032949563708,0.6234657739001666,16.189069183618425,Car,Diesel,15.289286143862572
145.6464530975902,10.948904513405596,2,8.780413892205203,0.805111717901126,57.55703647607494,Car,Diesel,24.840691296383977
157.5725924942059,12.65233811957111,1,11.66326927893313,0.5994844413023658,3.3291339089513983,EV,CNG,16.227448232672288
83.80558065853076,7.697540506509915,3,14.233769630731324,0.7025867433066272,13.647437482950888,EV,CNG,11.388267945815644
146.10316264569795,13.445565447436971,3,13.721425476174701,0.9251355279448672,38.58427495543202,Car,Diesel,29.133841282672527
22.517039980764764,5.869881781780637,16,13.907153862105794,0.9126958729849897,45.73824419008603,Train,CNG,6.773287865116503
68.20996444678961,0.6449459254950275,42,4.372609248439729,0.36296724792819823,66.10335393554863,Train,Electric,0.6095956124618682
36.78177407165547,0.9938403336529991,2,0.0,0.753344055823887,22.498702707120664,Truck,CNG,2.776549934869472
182.29466434314688,17.15670105064169,42,16.232284040158078,0.48812839453692847,2.9930044940943823,Bus,Hybrid,9.237674803548611
93.9887263978848,6.189620508041628,34,12.75282945473386,0.5402833356936292,76.2319516055796,Train,Petrol,2.3235581674144843
129.7341680494652,9.501605279929986,5,14.757705610874842,0.37694637163539735,34.807764800243035,EV,Hybrid,4.714264126859919
223.13596203121867,21.752846015422424,2,22.95356265741562,0.8860679838187179,41.50866883091592,EV,CNG,23.76316510667496
193.45908316352504,18.334167683746866,2,21.060934070198957,0.7980737668094156,20.996841273829176,EV,CNG,22.234586724604235
61.76070260140982,8.448581081246651,4,13.07073314327417,0.4419705899746964,14.341464652619127,Truck,CNG,20.44257304931213
218.8913861276912,16.451494806062612,2,24.462445791525298,0.9330958556365804,40.05929489618738,Bus,Diesel,59.33136949771498
5.456199351633983,3.2696470019302657,1,0.9079595627703805,0.7565952041677144,9.74660037028249,Car,Diesel,9.360733498647985
174.17708403943584,12.758452269428819,34,16.08121464114034,0.779244277769481,59.118720313243344,Train,Diesel,6.362728188237125
32.69094330528546,0.6528938850407001,3,1.3324165971942319,0.5305692150685638,39.08672362812267,Motorcycle,Electric,0.6852535873173718
238.99456774764855,18.524328755629305,3,23.004021507242857,0.6831188253960947,50.71800893448681,Motorcycle,Hybrid,15.755831971348478
36.80422007185033,3.523474999598671,2,13.750318157320715,0.7076255319406237,74.6418577280169,EV,CNG,4.165031090208428
117.91063718571229,1.6316854666165739,4,16.61447820212416,0.8476571689296417,63.74536706601294,EV,Electric,4.153527246734471
133.63085846856526,9.011076048661312,4,11.245328137392232,0.5745104260443096,34.07056690988079,Motorcycle,CNG,9.931332194254983
217.13767667457657,22.353300613604645,2,16.564077342361532,0.7976085681460678,65.32550107391283,Truck,Petrol,74.73651955748639
18.506596524884184,0.047207978167037035,3,3.2168818562504566,0.8447985142738048,24.826773913925955,Car,Electric,1.933933820423876
230.40067717688765,18.447744288947106,3,22.5047758596246,0.41929403819921296,1.6918413069152027,Motorcycle,Hybrid,17.620858974789634
45.31108479209147,0.2887249504916353,1,6.4172625693897025,0.7584287160797039,31.490436546562258,Car,Electric,3.5071118927513574
127.12250678151307,9.15042616470706,33,13.978227724844539,0.4588990457579144,18.93958968835168,Bus,Hybrid,7.40168174614295
143.66569763220764,12.743834574463639,5,11.314340924441693,0.574168483075743,41.90023589741098,Car,Petrol,15.539712648842555
208.6977213395628,18.351763585080125,1,13.89142818605951,0.8561449709586516,72.21225151420937,Truck,Petrol,79.11175733073192
200.9024183078512,17.26930260103397,1,20.300109024210094,0.8173978127468773,10.764176673051766,Motorcycle,Diesel,44.77687169598022
129.5272718072228,5.660622435405972,43,12.005326122683543,0.733737962742266,21.317065400067683,Bus,CNG,7.773169845992846
120.51356395788896,10.698787963918965,5,18.96075725244564,0.5705070860690767,29.311395986099793,Car,CNG,16.41438073771856
96.10709177227838,7.340011969644779,1,14.810887556023673,0.8998088117229067,38.47283426400629,EV,Petrol,14.663940182598465
134.78782787784078,2.5568151115569058,31,15.234755422737274,0.8326350967682464,42.617782085259215,Bus,Electric,7.324438623396267
73.46259231725051,3.765275446874478,1,10.475660601395697,0.8664314409955364,10.568226984123514,Motorcycle,Petrol,14.29784502376915
25.583745561023782,5.773271112045585,33,5.481473320656957,0.9115638936203756,10.992634403024173,Bus,Hybrid,4.7150473413805445
200.61927566910396,17.99334059422072,18,17.26620585259541,0.9176162376903981,20.270668307134976,Train,Hybrid,13.482708333096374
25.572200995971503,2.7550356927667794,27,7.178468244023935,0.6934583084203099,37.27881223849819,Train,Hybrid,3.4065049015343036
191.4530007216338,19.18683609010523,5,10.892346964944409,0.908741741414061,9.578687080089825,EV,Diesel,15.737337884186392
23.751834953870564,2.7160328048905304,36,5.761519438760672,0.8145928496851059,53.698513064687404,Bus,Petrol,3.3167934195774005
224.79490374566086,19.27359512403519,5,19.02610931560856,0.5386639881225577,12.608931889999972,Truck,Petrol,42.520461642711794
234.15961091718452,17.396228745808557,4,22.91592497044014,0.7878114252064268,44.23944522023199,Motorcycle,Diesel,24.479230280368995
195.51477048952927,16.31574965191542,27,24.867319410700883,0.780656141602186,76.0955728003073,Train,Hybrid,5.762204403196593
212.9323524393141,17.334039325544087,3,13.279146075665354,0.7029547999815324,54.88770920843591,Car,Petrol,27.81351639890221
114.67085453675314,7.052610116517149,4,5.0619737051998985,0.6153884762407359,24.154191315399327,Motorcycle,Hybrid,5.281974504654925
195.76092078701595,13.487878297799929,5,10.33567833217102,0.8775200145846471,22.71267502912312,Motorcycle,Petrol,15.654855898438854
28.39204390410295,1.0412537404987376,4,3.392170118645023,0.40426443619047964,71.76267191173002,EV,CNG,0.9813071827353519
61.72535839420446,4.784557038520789,5,6.959640226048275,0.4689225363277387,72.85105817047082,Car,Diesel,6.4632950688639275
10.968352202684661,2.573067434271868,1,0.0,0.8308890865156491,19.08422565019108,EV,CNG,0.7510199500585701
16.193521158008576,2.8483278959561957,1,0.4798158502705585,0.8132650394626283,55.84966271829097,Truck,Diesel,14.510074852748101
11.957522287672472,0.8262619733806045,3,1.564258862503684,0.860678659857161,12.41703939528727,Car,Electric,0.5372110045759276
49.87428973548822,3.4401574351418267,2,8.201769051063227,0.938122870939209,48.92348847816557,EV,CNG,5.890520934103078
154.84462454202813,12.641545410460225,1,8.160839150812691,0.4538767078535019,7.337680465935845,Motorcycle,Diesel,25.21354303389103
245.04674052943975,19.111995157411535,1,26.216235815723646,0.7318450052646661,45.79305199669099,Car,Hybrid,33.497523993757625
236.61406448240757,16.764123073175835,3,27.93029611452869,0.7395398931471853,75.24755277564148,Car,Hybrid,17.118776959434097
128.07147913484164,11.370175049329394,2,20.611198153989363,0.42153051571864675,10.727568789821227,Motorcycle,Diesel,22.500033857244613
77.56674173268617,7.130035889627024,4,7.6532227814531915,0.5970865379513421,32.702648754295765,Truck,CNG,14.880977451381444
147.89994960543405,1.2900573135731217,3,12.955293820786073,0.6010400264941163,37.93061400721363,Truck,Electric,5.399120100454943
143.96956741428468,11.18330747848974,16,13.259501389268088,0.7414598339126188,25.29713214592345,Bus,Hybrid,10.197735292617699
138.1878071327205,9.231774142108568,3,13.844136962721125,0.5663944006701526,41.01913956854066,Motorcycle,Hybrid,9.505533520865368
221.8279159074795,18.37209327017124,6,21.50116126609113,0.8299222464583018,25.156055339536103,Bus,Diesel,38.03839632057043
124.54712833632101,11.603899182460214,5,15.117053778885818,0.8551959266236778,4.445433352550232,Truck,CNG,29.630372130747663
84.86425004438337,8.943115087962246,3,1.160800667577842,0.35880970613604246,66.17387396165492,Car,Hybrid,5.7808977766609635
94.32087015150395,9.650442476568701,1,6.554166082011234,0.42180353351893657,29.193548886260203,EV,Diesel,10.765036262198404
248.875189200742,19.620454527962856,20,26.747839758075425,0.7732438192904076,31.027335613091978,Bus,CNG,21.491449203511852
4.660455953967708,1.9699835728774702,34,1.8446265003409803,0.4482507825549775,13.272549430122691,Train,CNG,1.2624011537104616
247.30498466553416,18.833357410698728,5,30.07363581183435,0.4349575331412648,35.85964906034809,Truck,CNG,36.440936852468894
21.852222344253885,2.0839901622987282,25,3.218137527716169,0.6315961605142407,12.053837905059215,Train,Petrol,1.5945147508602706
226.96169829474132,15.781956713534083,5,25.24605344007862,0.6441185254409518,46.91561384118367,Car,Hybrid,15.44585251215231
22.860602970106743,0.0,2,0.0,0.7325532202870755,51.93192401074195,Train,Electric,0.05
191.1999487218032,1.8857313380509861,4,21.947393435776526,0.5530738899783956,67.55830986297492,EV,Electric,4.204482130702874
192.61964218592604,3.425282178689609,3,18.913587534382565,0.8957313463228099,46.96991524295845,Train,Electric,8.564904632149517
86.46651730669802,6.178001029351121,3,5.091462477746129,0.5891315040209244,73.38701380413409,Motorcycle,CNG,5.5456350728883415
46.02163244436794,5.6355051650705885,3,7.559813933640584,0.3648938790791435,74.19683668032214,Motorcycle,Hybrid,3.544282891837872
78.26869796035497,6.386430984727438,1,8.875013044333022,0.7718200794193355,50.701581845541035,EV,Hybrid,5.404529783625152
155.84871199519492,15.483292636385107,27,14.574801862307634,0.8919967231784318,57.65567573746813,Train,Hybrid,5.812511350133723
195.93728234306795,17.756899827183645,3,27.58291435729877,0.6140532197164211,44.24830419290202,Car,Petrol,33.67732016949281
242.51414894298122,17.764763786835296,5,25.24755938352589,0.7902520984627497,59.99868303482149,Car,CNG,22.594246107391392
32.719704166326814,0.19719299884866603,14,1.1896167652110372,0.9413241016969557,37.197876495492245,Bus,Electric,0.05
104.07084854412685,7.517492937299269,2,15.50487372217764,0.6832770260826584,64.16478295885794,Bus,Diesel,24.93299840866744
206.00060647312304,1.732208922221634,11,22.752198407025308,0.4155693746687348,54.02445029339873,Bus,Electric,3.733306929978731
193.88272932240332,2.0202346643763556,2,14.257734331198247,0.8305229552639792,3.9170967858623396,Train,Electric,11.134918524157365
156.23064779706095,13.083435997696949,2,16.6987185704205,0.7563724396186382,2.368583130289057,Car,Hybrid,23.720955114323505
224.11745058315682,21.40173949486975,5,18.24940084826595,0.8616686777791476,27.842513872761145,Truck,CNG,44.59652612684066
76.13802547748857,5.723867504065494,32,6.46891074838618,0.8819345373031214,15.007494555159306,Bus,Diesel,6.922073904195939
86.79788075932377,4.244345490305035,3,11.476575002711929,0.9492460220400588,23.708964560893193,Car,Hybrid,11.155428738005257
35.93167695134732,0.0,1,4.250730507043941,0.8991792561713329,39.75332769042795,EV,Electric,2.2243517188898583
92.6138588733851,0.60580288702631,3,11.610422554549679,0.3606012685999473,36.262393320013075,Truck,Electric,2.7804236465255667
87.13653066996912,3.877452257491233,3,8.643401761087128,0.6745139821669708,22.76327000894602,Truck,CNG,12.677335869458368
60.30408498640355,1.7940237368922736,3,7.9586758407424565,0.6677252331710434,59.38543595343813,EV,Diesel,3.501401484518711
164.0529238343548,11.03741656407975,1,19.74852396869283,0.44326493845005344,69.9451492232646,EV,Hybrid,7.439961381876583
141.2493698147674,1.9594686933155998,2,13.45722526104248,0.6130317551505158,38.10058468693805,Car,Electric,5.7423692082087685
169.30017429079797,13.106657918694609,2,15.188387537303948,0.46110760697214054,44.973658699005775,Truck,Diesel,51.36248550272117
163.92468738787161,12.810843160069785,5,17.64877763426636,0.6097834957206603,2.867420113453054,EV,Hybrid,11.681941252609864
27.54466566427938,0.0,2,0.0,0.6230707054470574,41.28702410056899,Motorcycle,Electric,0.5008346512471187
14.638199678571741,0.0,2,1.2360018030030582,0.3863170704959217,55.85517804879308,Bus,CNG,0.05
76.91374905834235,7.704448469614144,3,7.636787738653048,0.4172422225992185,69.02116509927025,EV,Hybrid,2.885120469097355
128.025504241593,8.237010171924489,2,6.548638632684548,0.6087962120878698,62.44649100212675,Motorcycle,Hybrid,5.796313493089403
66.56643876698202,0.9857275398379892,2,0.6700891170848964,0.7599550145952878,18.260230037073644,Motorcycle,Diesel,1.8153673833217092
232.7353851621093,17.114293591923314,2,18.795395015128825,0.7769348249580666,12.036320924597925,Truck,Hybrid,40.47495964846703
36.274932166355626,0.5324961945319999,1,6.738562772975264,0.36877010774098673,8.850357404976261,Truck,Electric,1.3017046699668087
61.92644936729327,7.535987633798312,41,2.1101528586759777,0.8596611998538674,0.37931143294991365,Bus,CNG,3.63273065973893
155.54153343388955,12.21836105965274,21,11.981630857049506,0.5025580902524943,73.50349447221447,Bus,Diesel,6.869108724191337
151.64926467466373,16.207775527032908,8,19.709121201688085,0.8378956074920676,25.471929426276773,Train,Hybrid,15.132405355385306
150.98201187793535,13.852576608883835,2,18.058258133010877,0.3968650358482183,2.3867816079757986,EV,Diesel,15.817988435226571
6.720468658736672,0.0,10,0.0,0.7748547414101528,59.086430916590615,Bus,Petrol,0.6116492701330254
222.72482536518848,18.584508474969358,7,23.083671644109966,0.7658572561578209,13.835514915366245,Bus,Hybrid,25.331623033157598
247.96007003032025,20.56094494556016,27,24.47708874760479,0.9458507491583039,46.77110673073324,Bus,Petrol,18.912103471458945
224.53094553901522,2.7051798268399163,1,18.123385764348374,0.5139123149005258,4.041575709760412,Motorcycle,Electric,8.462681947169717
75.09928791428523,7.040803312723572,39,0.3630987459562114,0.3608963263486184,47.65710197485819,Train,Hybrid,0.8111178300777915
218.72434748014274,2.3115316795172087,37,17.537639438582033,0.5876999000355493,54.20966108798353,Bus,Electric,5.31074681084278
142.60057323920793,11.618923790204983,2,9.283233808477316,0.6015634327404831,41.16664415084247,Truck,Hybrid,21.784862296049123
199.41508196497384,2.240709653856868,16,17.42924386159589,0.8837938530052383,31.600579203244514,Train,Electric,10.654063583932311
39.044790779301394,0.9748745627586337,3,1.9795145824684908,0.4697251957396942,68.7186288446171,Car,CNG,1.5809594283550792
54.61255706577875,0.8273561156632065,2,5.577695492884551,0.5774316170223831,41.361558947954336,Truck,Petrol,4.983232653167531
183.32172220989327,16.06867793301942,3,24.577925028203623,0.4127690580828651,72.31786327024321,Car,CNG,21.373880316155724
199.92816408294658,19.515650907614557,23,27.34236311024474,0.36388405674916785,78.33797069658237,Bus,Diesel,10.58766704245746
180.38950835532424,14.845861730303369,1,18.563182139717004,0.5414794931597996,48.69929031185974,EV,Diesel,19.465029946750633
103.4667144509497,7.898561130077124,1,8.387670713490133,0.4680453084503788,30.17647863064031,Car,Hybrid,12.344771250416418
34.514955870502526,3.5494125757527466,4,5.151359176794849,0.5536866525253415,76.3918713484646,EV,CNG,1.4434460088718324
26.533277265995935,2.379068445461903,3,0.0,0.47125286098728675,14.861290789686974,Motorcycle,CNG,1.6361629478173336
118.1673270291992,9.754102711754589,4,12.932189841508874,0.6388948041957684,76.74658781084867,Car,Petrol,12.940828231359129
124.88562604389737,10.382496917799491,5,11.604693333244322,0.8088821315643405,70.13686378116955,Car,CNG,11.55678424726585
246.17301484618702,18.292208102013802,1,19.929415113015523,0.3930932843017306,11.023482874224415,Car,Diesel,56.553870481899104
139.11876700798643,0.8869881562946427,3,10.579729809614598,0.675418641381323,13.224905869383292,Motorcycle,Electric,6.235047086788845
41.757382195599995,5.578461070720147,5,1.4716689968345245,0.7910776565117801,23.68262903280206,Bus,Hybrid,4.10237405549039
102.40403117778038,8.238784284978697,5,16.593507546375086,0.9149233140428593,9.652426995494912,Train,Hybrid,15.468658329221023
26.898120121152704,2.381349172085709,4,0.0,0.45769524340765244,33.08543450479759,Motorcycle,Diesel,2.2735779192941683
62.824225309755995,7.550367625188601,39,12.027629557228764,0.6685102365726887,19.87251230925212,Bus,CNG,7.074759919808079
41.99100758727718,1.7652401196262457,4,4.676004203237287,0.8164152279966153,41.41292170301832,EV,Hybrid,3.4452351216217214
133.37692521325948,1.551076900203626,18,13.640545673153284,0.4253983117211216,76.17997726765466,Bus,Electric,1.9222068942411927
238.39497017648685,20.48548767852557,3,26.197684561791093,0.4746303520109235,20.25476849012812,EV,CNG,18.77402559936174
31.500421063572407,4.397823007766939,1,5.1131089423325164,0.6290084791935637,32.03609961962226,Truck,CNG,17.857945992244044
48.4352582646047,0.0,5,6.375068772000668,0.7949687796389091,37.5007437611162,Car,Hybrid,3.370746077873734
230.3251328518448,17.76955698722919,31,28.51467723964101,0.8266742182975306,49.816699599056655,Train,Hybrid,12.662915122923081
198.8215751978696,19.80221339681968,16,20.40626598456064,0.6127937617522234,51.121091941133166,Train,Diesel,9.917235844397656
248.35538760597214,2.7333462980759333,13,28.53296978934695,0.42741803430922504,12.186136812606057,Bus,Electric,10.698358008773535
99.44599310941786,9.520794491831047,2,5.945750396264261,0.7857080770303406,36.88795441239261,Truck,Petrol,32.086852980553985
150.72444846556562,13.487110317529176,4,8.949583817529735,0.4563413007495635,54.24752487038626,Train,Petrol,8.875986391490887
11.982927505101092,0.0,3,2.5224533704948913,0.7997711713537206,79.34461731981025,Motorcycle,Hybrid,0.2805198006726541
165.6789382626855,16.765127209905586,8,23.745374044669987,0.7931064276119771,32.25121632952656,Train,Hybrid,15.54169432346313
180.50606868534345,15.28452828904421,2,18.573663620180522,0.6015805927566862,51.76574385146601,Car,Diesel,35.403921415259475
103.22285372129123,8.60789105917418,21,11.683125279602475,0.7504939538880547,52.44141906744418,Train,Hybrid,5.0913353339025
6.902078444987535,0.0,3,6.459427009243731,0.8168908535264074,68.85043211169041,Truck,Electric,1.1733830212331218
167.62659139430062,13.421181605099244,1,15.415331268867693,0.5201124599595375,53.978923787942236,Truck,CNG,52.14830984781528
52.22555716519812,5.5843990997709865,6,0.0,0.9217534810913394,48.804838630973904,Bus,Petrol,6.583480308389689
157.1185829146562,15.468484028330257,3,16.52295848447509,0.7612566324566086,1.8582065877406784,Bus,Petrol,41.53343572508801
219.02668810398288,20.224496642586775,2,19.671583426440595,0.9115624996614355,68.31875009177833,Car,Diesel,45.400757801524215
137.04800370625222,11.624518750266333,4,10.655506538514613,0.4965230004595329,73.01374682044289,EV,Hybrid,4.0535390254966375
211.1440756689708,18.47036413632064,22,16.147385451383506,0.8088003371371997,61.007207357011254,Bus,CNG,12.386426534212637
115.20014423953937,9.899696847936173,4,13.16470209601779,0.5046850458214126,46.87690992768438,Truck,Diesel,26.7560317062845
56.276438981068786,0.4752199151509986,11,10.156582186823869,0.45061971180666854,0.6005626239999895,Bus,Electric,4.074279012471696
199.78268724882662,16.493844911093845,6,19.19072593006702,0.41942250038565765,31.20500721252234,Train,Diesel,12.053867575830532
49.76252416126563,0.735424575070388,5,10.252305207092148,0.7218011155819168,74.63206259306025,Motorcycle,Electric,2.5331031081565842
19.27087787466587,2.4710953930077935,5,2.174753722186424,0.8809094357038163,53.07626057832694,EV,Hybrid,0.702239081269157
208.46726266115377,18.678761654991934,1,19.739925905772523,0.681310957135598,40.061291926422264,EV,Diesel,25.939571465551627
163.86631024757529,16.108111765262507,1,22.703373036684056,0.786705979381231,78.13312625732713,Truck,CNG,62.45370028376473
116.37980368771831,1.7617971346527908,44,14.031368557071364,0.7533586587340668,28.267015605477425,Train,Electric,7.900440093931162
208.36577866993255,3.256354767278201,5,24.197458517770045,0.7992924678002329,64.11115470741784,Motorcycle,Electric,6.4667909110169735
223.47169284500316,18.826703664898076,37,22.663124149860355,0.40765713978312873,12.282041764369112,Bus,CNG,12.138574575669038
18.744583086478926,1.5682656909111838,3,0.0,0.8147743287753378,2.787068022393253,Truck,CNG,3.1994634196102263
206.13557471921425,16.98107255531876,3,19.637973031212073,0.8664805841723217,65.84996879600757,Train,Hybrid,11.086547501999066
205.16157006490712,16.76692195461649,2,25.66993400376372,0.504471175594378,60.18631315468422,Train,Diesel,20.094261519268482
188.0659650111618,19.10975375702987,5,9.52815359411131,0.4815135298871793,16.6703473148012,Bus,CNG,26.12436045634066
31.489766312422205,0.20149912246499246,4,7.22515140420927,0.8438645736841398,31.880529877936993,Truck,Electric,4.5953198932800525
36.02839193207187,1.8793999407735553,1,6.394106549207206,0.5857509060182443,70.00673592432659,Truck,Petrol,9.600727888343055
218.46902177599634,2.1373275590127694,3,20.393859587324414,0.523450148982915,58.77801046244639,Truck,Electric,4.070348502998614
138.62537458561994,16.466962732953444,1,21.06950524955058,0.365946658998375,3.956730971681255,Truck,CNG,66.16916266901023
122.57563475432433,8.218932263038976,4,11.918161348784393,0.845966890794758,44.897845431203535,Motorcycle,CNG,10.834491064845865
69.13279685078655,6.596010321716242,2,1.6313237484505052,0.6884570822283338,54.13219060077101,Motorcycle,Petrol,8.13615503002356
2.264731325641315,0.0,1,1.687928100819202,0.4531762111622137,71.2211169458895,EV,CNG,0.9094384832524309
120.07075565630784,9.492588071892813,2,15.007562814178561,0.4791069647772311,46.861706012377795,Car,Petrol,19.51103739984559
170.52269828382154,12.093662755309854,1,11.762105295215438,0.6036404205632373,14.09106393384639,Truck,Hybrid,32.1758381002655
215.34990778229732,16.59740072507576,10,18.6856425205789,0.38316224570073654,28.589569880164333,Bus,CNG,16.44485079653942
153.40029670076356,12.411444704024866,3,12.485813744594937,0.4098986343060741,8.592236503086177,Truck,CNG,30.14645535057216
155.65317556495737,10.58038001515024,10,20.86514027402226,0.8025629089627354,65.58470865904192,Bus,CNG,13.08655459322494
249.17594845675006,21.81256427978118,3,27.832451781972388,0.9191872992275846,46.14887667980743,Motorcycle,Petrol,33.29727118540345
44.244616027312674,1.4415144710673995,2,0.0,0.6462032457623874,77.67077828365902,Train,Diesel,1.3266804213515346
100.58620608963825,8.435354523455386,4,12.340768753517766,0.4659249934670783,8.262678328563968,Car,Hybrid,10.78718899957405
148.15412919961406,15.713349852377217,3,12.691506901738547,0.6089114022124127,50.65193457157675,Car,CNG,22.11444683056182
233.32934567493166,16.32534566896642,4,27.202131510864255,0.6907605382570955,36.945432915979865,EV,Diesel,19.453781340080262
139.4909577981814,10.367277022908205,18,17.047074595279625,0.5771556725358385,7.571181459951095,Train,Petrol,10.427513059279248
181.33222293205577,16.70257459715978,43,16.34459166388579,0.8033237254840563,20.593788987629715,Bus,Hybrid,11.837090295814548
232.0212051870123,20.635598443407755,18,25.576339298323497,0.3815455941938332,75.64159128175251,Bus,CNG,10.521922238615991
231.1272993352666,19.307318910167993,5,20.7137321370512,0.7582512834019531,45.01344110655465,EV,CNG,14.169494839525507
186.37807038315157,11.190275045671807,3,10.581396658853997,0.6294544642143529,0.4378487067701986,Car,Diesel,24.385184738060833
84.01758455303414,2.0519745121135977,5,11.698556934486865,0.5122050729195965,12.847065006793494,Motorcycle,Electric,5.0724857090659805
125.15443875387784,10.944817404665475,39,15.8973763093152,0.9281479473332922,68.45136973619228,Bus,CNG,6.2772194527385095
149.37962818679182,8.27949803892237,5,17.395044572107437,0.6390581308173029,45.151414428734284,EV,Petrol,7.770049739530745
152.5884347625299,15.181506765082883,5,4.146866353338698,0.6005715755924274,9.471926654293501,Truck,CNG,25.38890945115596
209.7537808303862,18.610402574203704,1,28.3202814419587,0.36438221331677323,41.63659550137822,Car,Hybrid,27.686965275574806
173.15143885545803,12.908268875145438,13,15.07212722919482,0.5760404047249258,49.49718225357137,Bus,Hybrid,8.658042850472807
116.50834490175833,6.531233613455743,5,11.155597312857196,0.4630845818073808,27.531286245067843,Car,Hybrid,6.5256950671623155
236.9353093409419,3.096739083860417,3,25.341417262601208,0.934650273865308,6.458822400219129,Motorcycle,Electric,22.510819049969808
218.10945351182107,16.58002226541477,5,23.522130944170637,0.3715393316044153,42.76806010314203,EV,Petrol,10.122542670884467
239.75946644103965,3.160415065707007,4,21.046805118495662,0.5310589200181585,72.23913227249093,Car,Electric,3.066144812424881
234.09677729874798,20.21331918273001,34,31.061496960801804,0.4434546025847476,42.79185223806964,Bus,Petrol,12.860615933586667
142.7271321602322,11.386002323923789,5,12.761487084990133,0.38787030242232257,77.5001857089279,Truck,Petrol,21.22784527403755
48.96214593486775,0.04853286908541499,3,10.210738860884518,0.8703818243007088,56.62751155211582,Car,Electric,3.174405588599834
244.0225900112383,21.144926009541273,2,17.98117401259356,0.42616115407455185,63.663085213357604,Motorcycle,Hybrid,15.251755635687115
136.78690757980544,14.34613174948998,5,18.582826397623265,0.6397630336830703,36.51230863214763,EV,CNG,11.6579965628336
91.67655933402034,7.828079394299652,5,14.162687023044061,0.3964616511562629,62.38958750978494,EV,CNG,3.982879733971192
232.80975315906588,18.315697123031843,37,25.129825271949088,0.4734918758078045,78.05888195117285,Bus,Petrol,7.237281393955535
129.90740771943672,11.97671032995285,4,7.351463056152431,0.4918162612301267,3.9294115000032104,Motorcycle,CNG,10.97665424456553
17.705462718234408,2.8647964497763514,1,2.7941736722403325,0.672331330216604,50.07916453592646,Car,CNG,6.898350872208507
200.54473792711482,21.171525176745334,9,13.78275212698949,0.9193058642034704,27.832062060527385,Train,CNG,13.774922513092262
58.030381563362056,6.778143143925995,3,5.915126904439712,0.812463928199222,43.2381353736604,EV,Hybrid,4.57821599166872
81.542061500456,7.157800227427506,20,4.508431657496438,0.6108558480854276,18.29164821296917,Bus,Petrol,5.570771261341894
43.880514319953264,1.7987311924016127,4,0.9152777094322073,0.6485886214192272,41.56396784877552,EV,CNG,0.9235478486527582
110.29353735603219,3.279890464312542,5,6.040083856826544,0.6367679484438986,33.741285017164905,Car,Petrol,5.867558338008717
149.0532445251048,12.133048390316047,2,16.065486038444618,0.9388322607518009,37.52040632101377,Car,Diesel,33.37206340309214
119.93917096176783,9.343840890441589,2,14.033510090082926,0.7389102378002805,62.54056380591561,Car,Petrol,20.532939369506767
160.20831257316794,2.0479751890406854,1,23.162104834215704,0.7475177566197199,53.74833508912538,Car,Electric,7.784376198319098
93.98625574233397,8.751599888557806,5,13.352838544094656,0.6534573888456447,58.92584744925864,Car,Diesel,12.744433313271836
55.44279516954971,4.839203649689984,3,10.044455203787072,0.7260949896705251,59.78158401536558,EV,Diesel,5.5174805873541235
69.60145135914114,9.992118447045973,4,1.1315934842358883,0.44265385281328545,15.813358580371162,EV,Petrol,4.564978720894431
133.28905579851929,11.767308393857803,1,16.439343700966074,0.4551083407136022,28.61461052207794,Truck,Petrol,53.65144508919385
38.56163646442529,0.5713909374484798,39,1.3909912936740976,0.42636571899742354,44.01917535266061,Bus,Electric,0.05
19.34304460626158,2.257515312041628,3,0.0,0.8390438577312525,35.85925065364856,Truck,Hybrid,2.6135396844649685
61.70676166113883,7.792523596177913,22,7.491835948580251,0.6304907236571431,31.364801793235458,Bus,CNG,4.906831532500432
188.44161588923382,15.96816100357483,8,19.115814265600722,0.6132930210811691,24.23717030698416,Bus,Hybrid,15.759067807524374
60.52732112989706,5.4645260096637145,2,3.1932258653996675,0.6487591116733326,51.439873867266606,Car,CNG,8.231043523221697
249.70975005874732,20.34089476366312,21,24.2174384968172,0.8248708926845734,36.87451128584882,Bus,Diesel,22.689325392723923
5.9197777491531935,0.0,27,3.0611040968843533,0.5944174327177834,45.453388103309166,Train,Hybrid,1.4341816579840456
209.48003417610786,2.1387865506304142,44,23.944895126414202,0.8587021203341927,79.58593708966943,Train,Electric,4.882808311878591
222.6949537539381,20.23775802309377,1,23.217316930270794,0.5108510628923306,48.50395185541725,Car,Diesel,60.23843069852729
87.4709398548812,8.391628445310154,5,10.329130410938152,0.46711131789119337,4.635627563050395,Car,Petrol,12.416359241522066
101.91414290989215,5.741018065287911,25,7.6779298585113,0.4651526968466512,14.036979726327026,Train,Diesel,4.170756705929301
67.64850423364527,5.917223976881999,5,3.498549993542227,0.8386843256185603,18.820511073251602,Car,Petrol,7.791613704434282
241.200683762522,20.424176098335916,41,27.038931071387033,0.6095093559454197,20.242779994374686,Train,Petrol,14.460798153995551
193.41863712083048,1.6909333240445654,3,14.292306516654385,0.35258346540060714,45.69338896445928,Truck,Electric,1.8297712392825065
11.583788837067381,3.344559746997568,2,0.5462753788818857,0.8359644418669223,7.123360406004258,Car,Diesel,7.009992441780482
187.2747985562118,17.4917648154682,1,14.787500144723413,0.5960292721489965,38.35336598447129,Motorcycle,Hybrid,18.44249070665438
161.2785998048624,11.980728928800575,17,17.639743972465038,0.5971060641805842,32.26835225993027,Bus,Diesel,14.05227092967426
62.97714557725454,5.138225732365377,5,10.82847383980381,0.6309388434161504,16.04499770572432,EV,Petrol,7.32627355322676
117.0293713947933,10.768605826630905,33,12.48398926539842,0.8945629348342894,64.21764842306925,Bus,Petrol,6.980332508727991
69.98532963477487,5.989308215127981,1,4.28624684950349,0.5912286788942416,17.9751579636699,Truck,Hybrid,14.21589598299784
101.00043505913203,6.8963227443565245,12,12.409653815990202,0.733550204213702,62.632421933737916,Train,Petrol,5.408675629901238
229.51410613800326,14.437579723922916,28,29.31321980546442,0.3803215931900346,69.3938831586067,Train,Petrol,4.2993229342062795
155.4912625310344,2.0166099287103174,38,15.48097469575359,0.8185030127114288,75.08091671688527,Train,Electric,2.366456423022404
111.42324162317841,1.2908995897274562,3,5.25786322477828,0.8423035663151623,59.948228935920476,Bus,Electric,1.61954666805352
31.22528742464611,0.0,39,3.3363603929345067,0.6531661533758575,46.611547945163004,Train,CNG,1.0830450847148632
197.14906259960688,3.100804666872418,43,21.860094136684264,0.7567831115270267,41.8472399423452,Train,Electric,8.919628802908512
199.21760012851195,1.6103121477586666,41,22.92894587619302,0.9007159979754403,78.73482119583998,Train,Electric,3.8991387948459075
160.27944112573155,15.739399374393791,30,13.243095906253558,0.5974249485783347,70.04312356217889,Train,CNG,3.767439869151766
197.37262695844043,16.269078107801903,3,13.34505319473719,0.8801179018542244,24.105628613009227,Truck,Petrol,48.60387335918622
85.54042287065063,1.251517804879534,2,5.6499818962611545,0.3646705045292089,17.612631292183973,Truck,Electric,1.319494270907395
141.75376276844526,14.269655188597408,4,11.617362713294623,0.5589655300768737,69.20801855285187,EV,Petrol,7.73892972602255
100.3161863704734,0.9865466605216386,19,3.7415056370375774,0.8699652992922035,59.685438316749206,Train,Electric,1.3955630135276982
55.549348026953965,5.4495363669386,5,3.6918621432630854,0.49741984579698856,18.459704421377356,Truck,Diesel,12.542613499061892
239.71179290591218,20.258821688840438,3,14.669693791094069,0.6689677512172636,38.09070568723283,Truck,Petrol,55.422148057221
160.82892460170305,15.452253769726052,4,15.42707846006232,0.8370514227315591,27.965088916162706,Car,Hybrid,18.635721441891373
36.97477038760363,3.3344242861890225,2,1.3627556115356372,0.5492978286220709,13.53077659062846,Truck,Hybrid,5.380079666041092
24.320344979182288,0.0,5,0.0,0.9438938415229241,5.924614669525887,Motorcycle,Petrol,0.05
207.15913970650263,17.409812271379945,4,20.866006900008657,0.8793050421973688,51.07740222117925,Car,Hybrid,19.070756072595316
178.76192405280233,13.863805520078529,26,21.53468862122762,0.6305914714701275,13.577128407884853,Bus,Petrol,15.965500858375034
66.65453777131427,8.509332144225526,19,8.691786393892443,0.5481207773586387,54.88398956047202,Bus,CNG,5.06465392141334
21.280677397410443,2.4010278233317806,1,0.16107806082050513,0.4799734185104256,55.11211619623778,Car,Hybrid,2.6374116931015807
75.16476376067406,1.4891553247823324,5,10.03166155050862,0.7231172183926042,48.82683110321438,Motorcycle,Electric,3.2684790388819067
35.499788469945976,0.0,3,0.43955513600152907,0.7595528733301298,5.925644219096506,Truck,Electric,0.05
103.44071274734097,1.7140723889105784,20,6.673057125064039,0.7957437859148493,18.964966158773056,Bus,Electric,4.17873505950291
137.35797486338694,1.7529835067508628,1,8.554432748474554,0.649516535253334,49.57755115037122,Motorcycle,Electric,2.992179161005221
123.96952019040167,8.087931257165629,43,18.24637307293361,0.39311020129174057,41.25499508175777,Bus,CNG,4.5597470550833705
230.57787609091747,20.5903452707762,24,27.90932237598437,0.9273199931208211,36.046117088070524,Bus,Petrol,24.045441585737944
55.795198455835504,4.633790840573153,1,6.674889438817376,0.8115455487789328,58.67731542398687,Car,Diesel,14.510435545055683
143.35576009132018,11.65016853184784,5,12.081690307431739,0.45041899978650757,50.13113741579852,Bus,Hybrid,11.067997710655543
161.10720883915934,13.610308813105528,2,8.427057180335208,0.893475111748556,40.01677194506817,EV,Petrol,12.685281501925871
212.7330874675043,13.822126228862196,3,13.377973267314577,0.5221354481380729,20.03464693855106,EV,Hybrid,9.077128994722301
146.4462959017656,14.06913567779604,34,16.58055876598267,0.7334163261588043,68.79764349612847,Bus,Diesel,8.346671130503022
52.55743557772689,5.6689031221118675,44,1.737173848302663,0.531921245980755,35.184723398437335,Bus,CNG,2.289353707492665
246.291580786776,3.4522807854064275,5,24.85879836443023,0.5425100444403125,43.782627296389975,Motorcycle,Electric,7.888705345985116
127.36469920055261,11.052894787739273,40,11.70164631331234,0.7995044943893197,26.68399411826843,Train,Petrol,7.379063512996513
33.552038549173346,0.0,3,0.0,0.4867206719317002,60.74728800179099,Car,Hybrid,0.05
7.2466908329767845,0.42127273035806384,9,0.0,0.7435237165897044,22.002483250420227,Train,Electric,0.3049458198020956
15.623877321021975,0.9646862699509261,5,5.737361322984175,0.44323827155436535,48.52530681563438,Car,Diesel,2.6812719018485587
111.82717726551182,12.143957578714662,3,15.27911308591528,0.8858314908519516,0.881333390738277,Car,Petrol,29.822864304209414
226.16823882127875,19.318492976386352,2,26.104561348205678,0.7459917465422685,57.98534577974984,EV,Hybrid,13.654577751638076
238.38079821830638,16.208275895309193,3,26.75739497789276,0.6363397459854778,28.773303493328875,EV,Petrol,19.10435014301136
13.398885836354737,0.0,5,1.7456783062356716,0.6135071079235608,51.520752115989474,Train,Electric,0.05
194.60881210040154,13.094995163989035,16,21.632314107950535,0.41167861768684966,38.00179552034885,Train,Hybrid,6.141080444354845
62.900377624743996,4.078510266832122,8,0.08596011308218099,0.5983581914327605,14.13335850617293,Train,Petrol,0.7889571483021182
231.5702938467077,21.44013356508487,2,25.56877715969166,0.3607165755051085,73.99699781655563,Bus,Petrol,53.2368988387444
4.98886202794945,0.0,5,2.240719546624616,0.9324260967177278,44.02588045581115,EV,Diesel,1.417806738624322
212.74772105564895,3.2544993649506706,34,9.08424184415388,0.6003521659152117,45.747358121688734,Train,Electric,2.8218560794991725
185.46296658840527,17.509058708341676,4,10.860278536645971,0.6334812065386929,40.78642928456395,Motorcycle,Diesel,18.415616288591313
242.42572876394573,18.16769538145886,1,27.707473679828688,0.45488443173980303,17.566367376167307,EV,Petrol,24.89665171496493
235.75696327795578,16.946215370243472,3,29.99261274653563,0.5769203138058087,68.1377746202015,EV,Hybrid,9.39517024689258
155.42783176020677,10.403082509319553,4,15.92209061494218,0.7657559543515129,78.9850095965715,Truck,Diesel,26.871614059648145
23.92376809376725,0.1754415639405591,4,0.0,0.6351833707301624,60.301654371516456,EV,CNG,0.1703238295397977
85.09162562127341,5.78304253449894,4,9.370373081893389,0.8556391812838832,35.71115937149676,Car,Diesel,12.173516376697147
163.3970582499987,13.945062839597059,1,13.777745537578168,0.434983380783743,12.215210707313657,Motorcycle,Diesel,29.222846697147503
13.748381668913467,0.291048958280131,1,1.0203823858786776,0.6146464577703705,33.1483017595489,EV,Electric,0.3182446971192042
71.3498096174275,9.33899083406066,3,1.7735561296579343,0.7408009992440279,8.693357664341477,EV,Hybrid,3.60468729583716
63.576973475552606,1.0390464306780611,2,7.040197661714432,0.8361815331640798,30.227011535425916,Bus,Electric,4.047902602734296
149.19186692566367,12.829417898391519,7,11.850318418443806,0.6027680766099528,8.02299187962002,Train,Petrol,11.047731620181626
235.7162542005136,20.106342071849166,1,27.43230739096602,0.8083064403730148,22.784607091991155,EV,Hybrid,25.70290838066225
158.82405259004273,17.663642947420716,2,14.074601339590238,0.6169626566162036,43.75902300625746,Car,CNG,31.16538157715362
85.39888594598571,9.36193033795962,5,8.163110293195238,0.6215047589146304,67.41236973745569,EV,Hybrid,3.57319652632344
120.99002868327803,11.400097127005553,1,12.058218405827619,0.917249943463969,21.264753062005255,EV,CNG,16.675863976344253
24.494037990312215,3.204870711140175,5,4.355815668327141,0.651447796178563,77.69081214418622,EV,CNG,1.6262648985937187
127.12721944657642,7.650310251232996,4,14.973335459896719,0.863285218050729,31.19115750980872,Car,Petrol,17.299865437019882
244.17871247095613,19.361289620938592,5,27.055808104103196,0.36864176004190397,31.34701679280422,Motorcycle,Diesel,21.232026207728214
170.64866398115706,12.233326244216787,21,18.24323776834922,0.5631307004727198,27.9088521637118,Train,Petrol,9.85812756853846
117.69429725830908,7.049559602161914,8,7.792089291850429,0.6931703753847216,17.106465702239824,Train,Hybrid,5.626708083321743
86.97727341634287,4.798696562727492,4,13.333525671141887,0.4930798662294455,59.76886981499288,Motorcycle,Petrol,6.183948932503061
202.12216763980084,15.857794432192282,1,12.971363479632819,0.7762155152136976,57.08692879259339,Motorcycle,Petrol,27.480060433237906
86.70148902600248,1.2736124031320228,3,7.43405944181525,0.4567474929776867,49.04875351953116,EV,Electric,1.7286024790653698
232.06176380864696,18.946471721697215,1,21.83756481793651,0.4149496648849142,19.219915862371337,EV,CNG,20.464706759899645
10.13687987543671,0.0,2,0.8757885274051396,0.5811006424135815,27.120619248230327,Motorcycle,Diesel,0.05
24.253356879830303,2.7952305321106796,2,0.0,0.8039896564499691,79.26478124408976,Motorcycle,CNG,3.0413863069117437
127.04640017336662,1.2734077599998304,36,14.57591914897529,0.8088540127595891,67.54178860659556,Train,Electric,3.8882607925141994
109.71861355987335,9.332402862571511,24,14.11061622051408,0.5350757734986501,74.339379520492,Train,Petrol,2.1957132147799894
248.57875643249415,17.285924578382268,20,22.00259765437457,0.37050764655695606,61.614955955534626,Train,Diesel,5.623846480318607
151.39774276667902,1.3688282113915826,4,11.947160845648567,0.5155543052244879,33.13420172741364,Car,Electric,4.375279224643473
113.1575897176492,1.6591618409398197,3,10.278921934504588,0.877647040092611,21.627277642211126,Motorcycle,Electric,7.198724725455547
107.64079927358661,10.080357970021879,12,10.940947938959393,0.6006459718177037,20.589785044411684,Train,Petrol,7.366464599107885
39.646829803550155,2.256356926546709,4,5.653839056856453,0.8443474166304779,20.5377409228133,EV,CNG,5.615866465917507
196.61106117113513,17.03243354223469,2,16.465883137541585,0.4352623555109856,42.1168072508011,EV,Diesel,16.363700300711738
204.92038345155981,2.514022137848162,14,19.16336422579996,0.4191116319885564,45.10899227770512,Bus,Electric,4.116561750291194
16.594437258443083,0.0,3,5.40572114927146,0.390516388650832,40.97943768853017,EV,Hybrid,1.2173585653132926
166.40526398115637,11.715960759477,2,17.53771562684201,0.46158465192542547,25.86127074920837,Car,CNG,22.99435892116686
180.0794594852941,13.51889976958324,1,15.921791369383877,0.4124908962817229,79.98122695314751,Motorcycle,Petrol,21.874002714352585
218.38787378882756,19.408976233760043,12,26.82763306345256,0.4184115148007306,74.37057501793794,Train,Hybrid,4.705630496471
80.04992697141012,4.969188002852124,22,3.694659706726161,0.5996970080403745,15.203617276767734,Train,Petrol,2.6482017545047563
64.82028497499965,6.4171473178598095,22,8.89405591120667,0.7422382835461523,27.121268605860827,Bus,Hybrid,6.207704533785399
25.31725813786993,0.0,4,0.0,0.8757603398154795,10.917644323560873,EV,Electric,0.05
93.34935272317333,9.23130944982378,39,5.61064132054892,0.5713270284424824,20.36394517018257,Bus,Petrol,4.718291874032691
50.84596656976651,3.8765498351148078,3,5.14088498847067,0.582892300746839,27.630671453559366,EV,CNG,3.5220420453423062
193.4214141292936,2.720163467891454,1,23.665566232732843,0.6631880684708304,72.78380612140356,Train,Electric,4.529654470498611
16.56223304923713,0.5117852209186562,2,4.817797212788402,0.9420271474689199,36.670103292921006,EV,Petrol,3.9809715706422426
141.37827532879123,11.804078337303256,1,13.745533258749093,0.7840588210263719,69.54894615028189,Motorcycle,Petrol,21.047332810864763
153.88495365478903,1.9665586610586754,1,12.21232119868349,0.8714322717662015,2.9144156546306643,Car,Electric,10.498295168102823
55.634788829792754,5.1908114649044235,1,7.503805951235794,0.46286253687281076,27.12189007358612,Motorcycle,CNG,9.991553012934851
52.68116721248642,2.302209124769918,5,5.111721036382431,0.8085262097480701,15.983594452650607,Car,Diesel,5.905927040948623
243.07340392845967,17.46877202530596,8,28.077714876445135,0.5294750864999134,3.1618894952184373,Bus,Petrol,30.0594896127449
12.707455814107366,0.9495457774770713,4,5.9334339409460135,0.9193242542894752,60.52024381818484,Motorcycle,CNG,3.0594879727621507
122.53922189109652,7.846700679845169,39,13.58190416293739,0.608690574284669,47.853430403261974,Bus,CNG,6.095382119096823
248.76233549630496,19.160636130380094,3,25.429054067043616,0.45842371746008564,28.169637914042696,Car,Diesel,38.93486177008218
45.2852086434435,0.08109336471266371,1,2.7065958689250804,0.36955546594820865,5.358241050559194,EV,CNG,1.2874811558514172
21.908775460201205,2.0794652409417855,4,0.0,0.4753757644907684,15.849419312967257,Car,Hybrid,0.9713059390543727
125.50357611670286,10.485342526145917,5,16.970119567501186,0.43314833086547766,34.27141166731725,Car,Petrol,15.086928131025397
217.32263719015913,22.66508066295879,26,25.616289062852665,0.3914839670043569,13.625527048946315,Bus,Hybrid,13.080982768022322
182.51446121563345,17.539427325012376,5,21.962415719768163,0.8675286802449952,66.84241584888733,Car,CNG,20.705382149703567
7.891613601382257,0.0,13,0.0,0.4908220934311374,43.86186542865509,Bus,CNG,0.166211126864957
199.29033050469332,16.634279167489503,5,25.093149271205874,0.44007773404955425,66.45631509967451,Truck,CNG,28.78128519713978
120.45689485409675,10.14995327143953,3,14.030172317764817,0.7611287716196797,21.065382580518843,Motorcycle,CNG,16.37321554107175
92.91210374776452,8.581605098020207,2,14.322326178254222,0.533288367422702,20.068231332409773,Motorcycle,CNG,13.29637545070389
39.18548652764704,0.0,3,9.79829757652963,0.43027185535631324,55.50874673672011,Motorcycle,Electric,1.4697708279004573
60.90884666896021,0.7445588633839316,3,4.124721362267358,0.8073508089821069,78.97490656333551,EV,Electric,1.0833571056817441
187.52159785181337,17.31467360409116,1,24.67000836059011,0.8036451694569426,28.736351781419014,EV,Petrol,28.042733033466877
149.6069593271056,12.114514709613474,9,12.19361696070131,0.42435553565210893,44.42044959200449,Bus,Petrol,13.479207198052041
198.48316761825978,16.46576546308406,44,20.63854189193599,0.8334636190053808,19.781366646355558,Bus,Hybrid,15.58984309630885
75.75816585520784,9.455852120098722,5,13.85581052551657,0.9347542479506634,33.35300293749956,Car,Diesel,19.407156235525516
122.80462413927259,13.193917085700548,2,16.75805106192078,0.6665818163626893,5.389944410640499,Truck,CNG,46.10730977492115
32.71323312195596,2.496546862159151,1,9.642971668686828,0.8901668597692456,58.056077657802845,Truck,Hybrid,9.219946289393159
173.5780711988419,14.550101315445653,1,17.010988316515697,0.8469187114936014,57.46804505385241,EV,Diesel,19.08575239369177
81.97090300828087,5.602739033334669,5,1.7618634637481998,0.7486069210605524,34.970243375984055,Truck,Petrol,10.544203073678542
249.4215132999817,3.4707537895991796,4,18.30259980431942,0.6736626551986337,38.51003178093266,EV,Electric,7.089277269544805
14.170363835619714,0.0,22,3.771849496422574,0.7444003770610241,57.61728232021311,Bus,Electric,1.3165355408344968
197.98030253657987,2.0417838397911057,3,13.208045057468233,0.513893924435312,42.19198245265049,Truck,Electric,2.9643453595386715
170.40478595942227,17.351754014293178,2,10.229364148368987,0.7904099358732337,66.19526820069977,Motorcycle,Hybrid,13.36924605872262
148.65792721842402,11.123988955917513,1,17.330734308055654,0.8684650122892072,57.86562647737252,EV,Petrol,15.209117063838047
93.321631789596,7.978676232603309,15,13.867320269215648,0.5740301259552048,75.53149176610196,Train,CNG,3.157266455154512
60.240360488289305,1.9756314903079186,1,10.134360331044217,0.8394383813306341,30.667423472840632,EV,CNG,7.1720043380216
201.07083407946595,1.6753960528751222,3,16.174675697313496,0.5912828449421323,4.075527120241782,Motorcycle,Electric,9.147681001852744
221.14923782997576,19.571451285080073,5,18.228448690945736,0.47704466166567494,65.55606044357098,Train,Diesel,14.001456737799927
10.401693195354014,2.4047395094269923,4,4.316585995183955,0.5163188841263239,4.266006794667252,EV,Hybrid,2.869844099238744
234.39155577016595,18.7115616714838,4,23.797526646490333,0.627560036426485,33.58122936790069,Car,Petrol,30.17489173746581
25.99471879355181,0.0,4,1.9810288448755449,0.4860191911488264,43.8891247457766,Truck,Electric,0.19190697932830791
42.4752578100112,6.184613480547178,11,6.895316138723187,0.7256955715042814,72.9764272326941,Bus,Petrol,5.601953521218642
228.53154763363986,2.402835592370198,3,22.999077785820912,0.7220879944793284,51.137012794920125,Train,Electric,8.48962058645503
6.08758574784694,4.140352804600789,40,0.0,0.8188795036414529,30.18254712490905,Bus,CNG,0.7461962785161461
128.4141956493581,12.397100457707241,14,18.35236451003479,0.4998956526858332,42.203589959774625,Bus,Diesel,13.682271151110415
242.54310699635255,18.808391690495814,3,27.318132510540188,0.5263762825547426,43.46473409887656,EV,Petrol,18.06939293519503
161.64763542521973,12.374490418945332,4,21.09226407967919,0.36502412180311017,20.991077818689963,Motorcycle,CNG,14.384181808382529
9.686707543321347,3.242676003512385,42,4.646365460920077,0.798039028902828,41.32596038744098,Bus,CNG,3.1744868628358613
100.22418231706483,11.765550473926682,21,10.887236936997235,0.9473331797514657,1.2642591330636943,Train,Petrol,11.44830128391546
188.25017071487434,18.559502261774956,1,21.04597736860513,0.721949588110463,55.737995621964274,Car,CNG,44.64626529313092
32.32780522629903,2.2663900451583405,7,0.0,0.3960442559358183,15.570256928393782,Bus,Diesel,2.711557261738786
112.42366297293809,11.533342440661645,5,9.074432696389039,0.6206540964823437,32.189670653774705,Truck,Diesel,27.111259763846476
223.49631590536805,20.715973232532534,4,18.88826026212947,0.4032406958047335,32.54846715126612,Truck,CNG,41.800783573751616
237.76488068443246,3.1759251933644252,4,22.494326555093053,0.6240473590123994,60.27684315490734,EV,Electric,5.384058558648302
37.75097293249689,0.0,21,5.774249710432884,0.5607337564767789,70.9316446502257,Bus,CNG,0.7460477046122531
124.22377441705798,1.7473159754301062,4,10.902225192937015,0.6465558660871176,15.798564149062253,Truck,Electric,6.657737247722306
206.12076890896688,17.268847019568135,41,25.924703374479876,0.48700173897915555,74.54594326362523,Train,Diesel,4.178393654364461
106.77878081170174,9.777264022891336,40,3.4394102055012574,0.5231318041765712,19.3051470382023,Bus,Petrol,3.898224788137543
125.14809449250248,10.282571226407564,5,14.039895009574149,0.6071557509505499,37.152130105375356,Motorcycle,Hybrid,9.26907840466256
206.08809754388813,15.191795497482644,5,24.48080497260427,0.8059910068976915,45.98952336221874,Car,Petrol,25.48617540255861
74.1804874077612,9.002031274583972,37,8.65570009981582,0.7487478257163884,67.70744135919755,Bus,CNG,4.917616196526835
106.20038792211038,10.27602717753273,5,4.187295547364871,0.6217220994272108,74.15591997860096,Car,Diesel,12.276805786492764
142.2355472365069,10.765396661003463,3,19.868822667157538,0.5879316336973084,31.526727153220655,EV,Hybrid,11.188927578038987
123.91936290576868,8.340919959812844,1,11.605942608984439,0.3920686592265103,45.98565849920924,Truck,Petrol,36.38875844123505
154.34189891695144,12.077372883905387,25,8.00694828393448,0.6991994772538485,40.07865688254214,Bus,Petrol,7.92846910204028
204.82315686960402,20.38334864626533,20,17.744091590241197,0.8303462705091922,68.29205352036001,Train,Diesel,7.98029851263637
146.50525050922818,14.914918030853134,30,20.515336329425544,0.7528421145038191,20.409972484610712,Train,CNG,13.536993179052754
237.26432404321565,19.660656898301315,2,23.747723846128366,0.9421667487223367,69.98806790441306,Truck,Hybrid,38.48147377154423
205.27523844472043,2.4589639086285997,24,23.184693052694584,0.7632513276559518,42.619234187030244,Bus,Electric,10.13341726846851
203.44964272463093,15.04046346795995,1,26.133199056587504,0.8854906023257958,18.39584142549059,EV,Petrol,30.81285369329294
161.41533355472822,1.4889982971024633,36,8.550275355873717,0.8663381331641793,18.111803232906727,Train,Electric,6.059021141744587
247.73637454454672,21.18102344062286,5,20.971492625711704,0.6573734256229675,64.59579011281238,Car,Hybrid,15.017633190345563
103.76465700696231,5.789423882127636,19,8.686221769501246,0.43199799246729814,31.47656591906574,Bus,Petrol,5.013968813795776
2.6714038715952153,0.0,1,3.0313906506270305,0.550456315795972,21.763615134213552,Truck,Electric,1.5238291766461782
47.017730811204046,7.0497032966735125,3,6.7364112531928,0.4058655985151185,67.55268913324586,Train,Petrol,5.75260955957278
191.6733761515599,2.8937346049534147,3,16.406875450548206,0.4737637420432074,14.932968295634383,EV,Electric,5.851619585301862
10.168131645193402,0.0,5,0.0,0.39847121836268623,70.56621675504834,Truck,Electric,0.05
217.68170533532742,20.04883876946068,2,23.749262317807133,0.6650559400069183,52.2229779593052,Truck,Diesel,78.79947558781589
26.92945635134369,3.9148753504164358,3,7.437515643609693,0.6171592795996328,54.02755765409508,Motorcycle,Hybrid,4.0865720780272525
247.76806152296916,21.25185489721835,2,24.323390160937688,0.8824537388820418,3.9100301480700494,Car,CNG,52.07559075773898
89.97187965674448,7.632767606223688,29,9.456923611998498,0.4311328172023916,9.355778647136663,Bus,Diesel,5.858701692916748
160.17192995337527,15.927520226684422,29,9.078747007588746,0.7651310556235418,54.94796526131735,Bus,CNG,7.092046056904307
233.86953858273102,23.171639444081393,3,18.32923241356425,0.7938986564231026,79.0757931065544,EV,Diesel,16.607428104740887
145.75685038889472,12.095126078379211,2,12.964553274464512,0.7576911309548624,61.63163065450617,Truck,CNG,37.12885282616833
124.13080341610738,11.63938182413232,4,9.086989250945233,0.496859026133666,26.30239290445898,Motorcycle,CNG,11.23052523125363
47.584414721868136,3.025637395049866,1,4.091338536178869,0.8739439618123285,55.48043394848485,Car,Diesel,9.876723310591013
9.016491798252416,0.9791247048050591,3,5.217687736769695,0.6107625054085792,73.86500498482037,Car,Diesel,2.5256167291246414
170.4280513728456,15.946288613841816,3,14.26494416958315,0.9384544807450113,59.12597032131299,EV,CNG,12.438032803136583
56.55837295316081,1.0704970622474579,37,12.666427513519837,0.6207291764943594,37.0239150253428,Train,Petrol,5.468743612935409
171.59348171485098,13.810799099211856,36,16.50429175499629,0.5122820476294874,29.73690078636272,Train,Hybrid,6.753656935215797
197.1614016814067,1.9590830620894248,2,25.734167042497575,0.4756563688756573,47.02575436552234,EV,Electric,6.989461799707594
17.923795188235175,1.6825895826588744,3,1.835587858247578,0.5781413503395827,34.505462521263304,Car,Petrol,2.77912195617798
81.56755019307465,0.6266962427220465,3,6.091564631861431,0.6090086487062147,59.82317785173318,Truck,Electric,1.2658810664797346
104.77796323481893,8.216454538415327,4,12.771246204173673,0.4125501297680007,33.18816044209321,Car,Petrol,13.215121833241687
103.78948544175078,6.938070880995413,29,10.813757155428716,0.7228750439011664,36.61881493200618,Train,CNG,5.657926577043389
63.88794763280265,4.184443118843602,3,3.8514707891780824,0.5147421460765509,32.1045068305757,Car,CNG,6.02870397262384
2.245518493743753,0.0,6,3.344030299465481,0.5474449222407618,43.87181888277745,Bus,Hybrid,0.3341926010919899
8.008879813721046,2.0193643627572673,1,0.0,0.42611524877703005,11.72374612081124,Truck,CNG,8.09867950228188
155.17973956215903,17.91949897496923,4,11.857071071602608,0.9347005355253735,16.321051724323272,Car,Hybrid,19.31538162927152
106.18072419509234,8.633326194392234,4,12.835392438038797,0.43953663706415386,79.76552088609948,EV,Petrol,4.580382896277544
162.8961761643615,14.73547327674733,2,19.2168711937197,0.690686831212606,56.35175031819618,Truck,Hybrid,29.114644564922337
134.280082846096,12.762405441147163,5,17.331944485785808,0.442991106863634,19.52952600684613,Motorcycle,Petrol,14.778731458683012
10.548806222525169,4.029820484081511,2,0.810811218138884,0.4466274096919639,53.93154407145076,EV,CNG,1.8559588367627924
148.267915996253,13.621396313468994,4,11.693187384038819,0.5691108218126403,55.78258367893112,Truck,Petrol,30.004901378354077
53.4940186792921,4.587014203827452,41,7.6383715486783075,0.6330749044363082,25.726728229556095,Bus,Diesel,4.2558419623795665
62.667528924239114,5.4562545450677,25,0.0,0.4834893512772439,65.1900754148298,Bus,CNG,1.2511886851187772
72.33308510218234,1.3510629367450075,33,10.242843441068946,0.9246160448092539,70.02355869206788,Bus,Electric,2.9832901504138976
194.61879173462398,16.501546039334052,3,17.873101933794104,0.660727145401147,26.910487044536538,EV,Petrol,16.66898737964428
4.928653868393144,0.0,2,0.0,0.9318762246504316,8.060921689709843,Truck,Diesel,0.44047860355673985
65.7733175596326,3.75550975748951,11,9.811522754371333,0.5200793301460145,45.9076241619678,Train,Petrol,4.087282409022131
118.34509236908498,9.944451071455436,9,16.40486612806896,0.6534348196724749,65.56223775074739,Bus,Diesel,13.755141227483108
178.0802334231913,18.61586739499154,4,17.803544454327568,0.7181632610281544,22.25737213771117,Car,CNG,28.976947839528165
152.3501536236351,1.3944968276047067,1,18.883624946270622,0.6793325534039403,12.827049995429443,Motorcycle,Electric,10.655266234690412
198.13455245409037,15.1587193097803,1,23.407676365979505,0.6793727196166977,45.04086080690872,Car,Diesel,48.75757542121484
164.46824507334168,2.4906909417640164,1,21.159563918602906,0.8475326847218715,47.52767895609502,EV,Electric,8.220879960570326
186.92740016375436,18.420537303143945,10,17.087720259096137,0.7039911333458081,8.860025471712127,Bus,Diesel,28.18704078367545
188.2074106922427,15.419748465393974,2,19.729392262774134,0.7689141468306295,22.288484210676074,EV,CNG,20.111137416891747
237.14062575967884,17.42236681125773,2,26.733510145864056,0.49080335927695645,31.460010752053336,Motorcycle,Hybrid,17.927074650233653
119.61216019349587,11.030126473309817,1,12.416414280710773,0.5101601893626371,68.77442409935897,EV,Hybrid,6.039503263113253
95.74119095291397,8.587303625037128,3,6.629026629138055,0.5023346527534314,18.408252324587142,EV,Petrol,7.435475241684287
177.11244843340455,14.694422054948802,32,21.82345910493719,0.7313247757838469,30.37754611853326,Bus,Petrol,14.859230921670262
191.65160634715596,2.5546444265464734,4,16.02812659905488,0.73551553273312,73.49316920490361,Truck,Electric,4.271877290227108
221.86636258923704,18.09761888748771,3,23.22378682506334,0.7187637315514557,39.64278433220344,Truck,Diesel,62.06976363356576
39.61259977730225,6.473057643361588,1,4.84919108843531,0.7086676043780229,35.35208589960564,Motorcycle,Hybrid,8.00291826784586
220.93671437185589,17.44060045849308,2,19.027824100394913,0.45916577316605156,58.53016123441867,Motorcycle,Diesel,26.496774425545926
6.031763253394175,3.0006923315298377,2,3.3539450658105454,0.784135612455082,69.52734964148232,EV,CNG,2.237917281585124
85.69744718334078,9.262108341504455,1,7.488158495120645,0.48317135086824026,9.112580385521767,EV,Diesel,11.81726265959552
195.6679097756334,16.54298748741744,4,23.515780389496978,0.4731559102791213,36.28913427636975,Motorcycle,Petrol,19.68133738959567
229.93360773620182,18.098441311079114,18,14.8144477216009,0.9287487226617867,37.239999773524595,Train,Hybrid,10.222162849453898
22.723383972822603,1.552796016598586,39,2.325285088488941,0.9219222647051891,15.633567072849797,Train,Petrol,1.5430395133722814
190.68803239965936,17.0343877319117,13,14.150773650527547,0.7378562228349692,14.935369462501225,Train,Petrol,12.506107134481688
76.8447483102272,6.211961820720325,29,4.345070219936714,0.743869230839709,36.10391346746442,Train,CNG,2.5293269905265867
41.55428179669232,3.864557410942887,4,2.661372190945844,0.44730796096627073,26.59017080289317,EV,Petrol,2.798095661616107
114.63639490216278,11.544750357258286,30,7.7266832336244375,0.675043142997937,10.310192373638012,Train,Hybrid,5.034169973273654
236.09888721392394,18.725881400588918,1,20.92249776234757,0.3757745764253867,57.70951020110719,Truck,Petrol,81.27681065327977
211.07844375950634,17.930886685331494,19,19.94758128020163,0.575923239677949,24.267010614575888,Bus,Petrol,16.839907277858384
249.01190726542671,22.469084388474364,4,25.73219311699917,0.7910482665571202,56.93736959374371,Bus,Diesel,50.45990887846726
47.58043332431486,3.9471683745756305,1,0.0,0.5623151835940003,9.902986489371015,Truck,Petrol,16.202438673782126
84.27382948988728,5.977994261295226,1,6.5440963178865825,0.5372616496122177,78.57845579788679,EV,Diesel,5.953102626618353
37.35767801712422,0.9516758705881554,4,8.68840900767182,0.7643882438630921,7.6952800011579825,Train,Electric,5.787830901208345
21.00638803981861,0.9268192558935981,5,0.0,0.7764569210131578,78.76680332346248,Truck,Electric,0.05
11.965030011860641,0.5401534777601289,4,5.407080671648309,0.3526181729088292,40.57873420486565,Motorcycle,Electric,1.4827688694380337
65.81801042435583,0.4162381179843576,5,7.522280815042244,0.3983269680278679,58.16087247690844,Truck,Electric,1.6200343728903415
37.53811213461779,4.625803783183104,3,1.0868078126343566,0.3661134661558567,44.27450959095869,Car,Hybrid,2.9250680102139395
162.67361525949747,14.93143957397615,4,18.451808849519534,0.4425822312336106,74.54356956423867,Truck,Hybrid,17.7923161901982
230.8392957646415,17.78431917501407,18,24.562753279020672,0.9069431888672991,33.336328246597056,Train,Diesel,17.96003230801989
17.517636729847524,0.0,2,6.814863373650974,0.7707624842656146,63.251904528039596,Car,Petrol,2.8177337166022935
38.316171290130924,9.256539104398845,1,2.921499467560211,0.5183531723196496,26.448044331278233,Motorcycle,Hybrid,8.501494663699027
203.34379799052124,20.498756193445345,2,21.290976937585967,0.8347003458237692,54.1740769330659,Bus,Petrol,57.43822710704983
162.72729470981608,12.3441284338101,4,13.166831838388154,0.4172738980834333,41.46434206761323,Motorcycle,CNG,10.388392074067035
42.73484003905813,0.807519016796469,1,6.492670090807066,0.5631225941576046,25.766448503682888,Truck,Electric,2.939979175182314
141.61554601105234,10.562009534893006,6,10.490718703104196,0.41890080465916935,44.497476217933965,Train,CNG,6.205630471719555
200.8728947057056,18.293023289872426,27,13.04213185200038,0.6818078038066435,21.673631470904997,Bus,Petrol,13.104547859512742
11.252952515926046,0.0,5,0.0,0.5352490931018029,45.22532376039547,EV,Electric,0.3105411368289279
21.670590996999163,0.35941121120158503,1,0.7378388586326536,0.5532173800524502,18.246352636513315,Motorcycle,Hybrid,0.24422121597841406
191.3260008456797,13.58264472429966,31,18.669386044680905,0.9258087315044762,47.5810002780083,Bus,Hybrid,10.951593643953338
178.0617417793603,1.938936926812794,3,22.460157435161925,0.6700151525088207,25.90616019707327,EV,Electric,11.363113589288844
166.83076734970234,14.86194500700359,31,17.964874790354386,0.40653791866766015,15.258172585817444,Train,Hybrid,6.905444975417339
157.8622042908197,11.10482530201329,1,19.854128622033393,0.561646923114976,57.63673222847598,Motorcycle,CNG,19.703923496238744
123.90831029957575,12.329360464063463,3,18.09877009886345,0.8037765330220703,39.75836483681022,EV,CNG,13.010512844615937
8.566817123630935,0.0,1,0.6056949764883921,0.9496453552326027,57.495173720361954,EV,Electric,0.5214991940487845
17.34759830234296,0.0,5,7.774242562715557,0.3929387000371711,74.67106854759444,Truck,Electric,0.5556195494236341
137.42140855352378,12.934347580097025,35,17.378779264207886,0.7924762671150893,8.142879099921396,Bus,CNG,15.074554200385025
79.1833310826475,1.1189147320317072,4,9.858823343743074,0.7746085460480461,64.10791451375512,Car,Electric,2.1608315026934743
212.02480237225032,19.967487212936494,5,21.02354850047356,0.48382167679897714,75.53165173283728,Motorcycle,CNG,13.137889842490726
8.497968078572692,0.0,18,7.427003648792032,0.5608098099735584,41.973400755485734,Bus,Hybrid,2.4652389839292486
74.49988032320539,1.7372037427738123,5,5.4881393895456965,0.444560907973087,8.28082146480468,Car,Electric,2.256449339671249
168.62812126984198,12.415348234332729,3,21.188614005498327,0.8143098567914003,31.416804684873902,Car,CNG,26.26996645425591
30.792628359586022,4.488239335539268,40,0.0,0.5637904901941636,44.847958005311376,Bus,CNG,1.6424503276197675
170.1298148622572,13.063143517748568,1,22.231036274687924,0.5577286732166549,46.81182573130427,Truck,Petrol,60.29979727370618
80.04557858200901,4.613456399951545,4,7.135983405895645,0.4310304828078648,35.28335037403147,Truck,CNG,10.341530386077242
11.003807673909854,2.157728760688537,2,2.8692690155373834,0.6543491794770295,33.94691431384092,Truck,Diesel,9.018626673913841
229.01844039822873,20.963710876782088,24,26.805803839086238,0.8697654640495834,73.79116591965044,Bus,CNG,12.814626972776983
52.26409139119394,2.3374089940896554,3,3.4508025934443696,0.9167177995115755,35.141764944839345,Motorcycle,Diesel,4.368511487212376
36.29517637053856,4.750899508286491,2,2.982633624888868,0.794267212866876,74.15442900477333,EV,Diesel,4.261530062860595
29.32217118632102,0.20995017037487235,31,3.5942789666991515,0.3912964491897474,66.75382017209252,Train,Electric,0.5957522531333712
226.98494858747992,2.5003860132532187,1,21.653437294582975,0.5010263850496594,40.478040312890606,Truck,Electric,5.8340306581257
165.3938448214097,13.895231707962445,5,15.413904514518164,0.38262918450009065,23.96099922197167,Motorcycle,Hybrid,8.515055145498923
155.76782259249427,14.508880693711435,1,22.32699441719598,0.8664606169727627,27.381525943041822,Car,Diesel,52.82761383879156
101.84803186245549,1.3618959567424898,4,12.342021398017046,0.40181580470095796,70.27777243167903,Car,Electric,1.6963526819282413
205.7600579788281,16.456357763749878,32,9.760735077589446,0.49874101389870973,6.075869272416599,Bus,Hybrid,6.669367349150413
83.53882825690562,7.292793321874105,3,8.130101097509488,0.7077436457287598,21.122696182049125,EV,Hybrid,5.922624746374473
12.027118985464922,1.0622729925172905,5,0.07005858300046852,0.7574445260717562,60.523757072152584,Car,Hybrid,0.43726087932042546
205.76690228298622,14.192825929993454,2,18.24114247192975,0.3505954784303773,2.8072612738246505,EV,Petrol,14.997001476722216
196.00641302888272,15.777675166431074,2,20.50408064815448,0.8251083738746443,36.091659520892364,EV,Diesel,21.47362293746944
3.665514472519515,1.157707433015479,5,0.2728596104486902,0.8258124731609537,49.57716809716992,Car,Diesel,1.1765159542960895
78.96992263939,4.989469203274661,35,3.7086253808731824,0.6813996501444197,32.7601869491511,Train,Diesel,1.758899428109404
109.21918484635435,0.43611847952316174,43,8.94455868390466,0.909266155889217,45.143696466350924,Bus,Electric,4.142527949065956
176.8995345803758,12.2463722834104,1,20.52860092058909,0.7998376104327487,54.11150213738294,Car,Diesel,41.1069657951134
53.744042473887596,4.397985433089275,5,0.0,0.7160147050669472,10.330906535856261,Motorcycle,Petrol,2.5903614352694495
179.83012767725506,15.216106708120208,33,21.760676241886596,0.5984165492794173,45.640732235647306,Train,CNG,8.204732997561578
161.92853244010985,2.556262748624964,4,12.279089723845246,0.6479352902261696,64.79491789693667,Car,Electric,3.034656929142532
70.9623618505657,1.2832832289683747,3,0.6760122690408759,0.9327567897613209,73.51277782480719,Car,Electric,0.25297991992767843
153.1384833872479,13.81394431851845,43,12.708351178454581,0.8092259134365963,41.66857269644542,Bus,Diesel,10.166285947025282
29.194662999541173,2.560844006032807,3,1.4256944345560572,0.4151519286929318,12.282263523570442,Car,Diesel,4.366677041141099
122.12729628195984,1.2574416558661732,2,12.061709490401862,0.6340852411965959,13.150298073955495,Truck,Electric,7.599616756424272
199.24021870688233,14.9111472865522,27,20.869318998801035,0.5321495909566322,71.10363953451467,Train,Hybrid,4.3538389049543555
221.70039639576163,2.0649344436464094,2,16.90992321742515,0.6325712830740902,38.406406015563434,Motorcycle,Electric,7.566965496514258
30.38243910484026,5.374021801542923,11,6.783845578542614,0.5564223009554923,41.53808834306369,Train,Diesel,4.13997474898047
200.178647213105,14.063363829649445,5,22.460833344495274,0.7236148066136263,41.14554664917467,Car,Hybrid,17.109371806828964
126.9753751786981,12.359973772436208,4,16.596544778216135,0.8373143311107152,68.85866894918956,Bus,Hybrid,14.943330684495635
209.62598423572416,2.753089127504788,5,21.320634422627673,0.4342700950334136,24.564153277000695,EV,Electric,6.574724554897115
81.93529009956862,9.709566037639245,27,8.026340098454812,0.7971687032927433,5.896965528932148,Bus,Hybrid,7.531944273957477
198.4217642217837,2.3585080319098655,2,25.130719998492275,0.8990830422470595,64.05703788436215,EV,Electric,8.224429369961937
122.08495154145598,11.069176021978135,4,14.39201050510218,0.5468426855365647,64.47924659084305,Car,Petrol,14.641387841299379
13.010529633826353,3.235656737807247,4,2.7280781246160672,0.6129897856486927,22.946844374412176,EV,Diesel,2.7420163543623586
126.2998651175392,9.07025327847667,5,12.791332133972682,0.4359180426458729,19.718068246674143,EV,Hybrid,5.649587643701198
57.99305227176816,5.602200985151148,2,0.5049520215712588,0.7190146291420239,71.2206346917033,EV,Hybrid,2.5499295476187456
174.2441322390226,15.224205894889199,3,19.309415055285836,0.9285695892224648,49.74491075625097,EV,CNG,15.128876896155292
113.82698625620175,7.857242224044586,2,12.090896015659826,0.686391704437501,70.81303013070729,Car,Diesel,18.202379305619353
161.39697323619166,16.660714535270568,1,20.335508789064935,0.7093150220602116,33.25467273171433,Motorcycle,CNG,30.95225754834485
17.329366345785417,3.5117327449467375,9,0.0,0.8327276037907682,42.75027546108885,Bus,Hybrid,1.4573595579586354
9.492067164033475,0.0,6,3.820109151403601,0.8035266384955284,28.003457789838304,Train,Petrol,2.1335331583554575
63.27276164561831,8.625919733626253,5,9.19666999499654,0.4761155418506143,24.739978106892487,EV,CNG,6.194174320969513
80.77849475969145,7.458067388469349,5,7.78820012064697,0.3843744480333715,17.013976540802453,Car,CNG,8.852152204146797
222.72363919166057,3.062833411308165,1,16.92218914599448,0.6018863366334715,16.897679555037204,EV,Electric,8.553068300048288
96.23960183944509,12.084640869374432,1,5.529369137144944,0.5277528412275833,27.66804222086322,Truck,CNG,45.36930299508135
219.82205326167679,21.013150921700184,3,29.186167728922626,0.5168973703353608,4.266771336594202,Motorcycle,Hybrid,25.205617975519118
44.40886384256528,0.0,5,10.025252661235502,0.4067332103980377,27.841041173685646,Car,Electric,2.317070505658416
154.5536263171285,13.019739896492963,19,18.679763498913395,0.710163968834649,7.380611274829807,Bus,CNG,17.634410978770703
188.48372605139224,14.175986568864854,44,16.53061226281243,0.36486672509695806,34.4021255716417,Bus,Hybrid,5.500116598958577
62.527569140711215,6.934147750132669,3,11.019131370801386,0.3864979205008168,12.248030064270168,Motorcycle,Diesel,10.723212290984717
168.1831071888455,12.248408620228519,36,21.02661026297952,0.8050233659591257,79.37977658505993,Bus,Hybrid,5.06421244528244
213.34044036184773,20.232251783025852,20,23.85724469276885,0.8310810899935344,74.77465822939281,Train,Diesel,7.897302085596049
160.2951819303108,1.358316505671076,3,14.975157592398107,0.8418360626868397,63.948366004571106,Motorcycle,Electric,3.9651354976444155
63.732333415839854,8.640579902149863,3,6.0119573005634654,0.9117670956827993,72.55219344444248,Car,Hybrid,6.93899722948443
145.629990094267,14.870635563332426,40,14.76960586721596,0.7848417310707752,63.663600384425,Train,Hybrid,5.144131214048665
54.37604256720638,0.991346065216065,1,6.8293421654514805,0.6564538920491089,7.210958563061336,Motorcycle,Electric,3.7839673862300662
64.04242109564734,6.141749931324322,5,4.68635152598673,0.4009150661329606,40.9224909310118,Motorcycle,Hybrid,2.394155427504725
188.32541186157943,13.492653655737982,39,11.89499813636234,0.5069929493797665,22.251739637597687,Train,Hybrid,5.435275848545074
42.93949331777746,0.8562572539998494,1,12.18803507903243,0.49921422847271896,4.673150364369496,Car,Petrol,7.46893780083656
129.11312231019417,9.492918454635658,5,15.157476849497996,0.7283879155701921,75.18976713820722,Motorcycle,Petrol,8.205609111773505
170.80957636502052,2.348860225623176,4,27.58689727264965,0.7726749728200502,6.260720614685615,Motorcycle,Electric,19.979903100935555
240.53458578370717,17.399976023508565,36,29.18463000278157,0.9097880159895627,18.095111184164967,Train,Hybrid,22.3818324621843
232.10883991482115,19.241455180672254,1,19.644766172793968,0.7688867846905139,17.724679950874425,Truck,Petrol,92.66839163347477
7.776182881163932,0.29087130430928704,5,3.1654018773519264,0.7418540397825096,51.91294648766696,EV,Diesel,1.45459687134028
104.98979060722029,1.3526762704005144,1,7.371818141788717,0.5374326873212223,14.256548518437242,Car,Electric,3.6648898482772454
41.047006948967514,0.653514761224855,2,4.289513798156565,0.9114101836388254,63.85346331178474,Motorcycle,Electric,1.8389365876020967
36.11397417831641,3.4664192116576764,5,6.1409021880948345,0.5841551773683172,34.22510474903533,Motorcycle,CNG,3.90605856941677
172.08595101070827,20.0310847073743,25,15.709414801910494,0.7266512574745281,43.067583946641065,Bus,Petrol,13.170923314319708
181.28763167559646,2.0290551592617754,2,11.778791872634443,0.9113640718818448,49.94897960937816,Motorcycle,Electric,5.706020520720838
155.9885914476851,12.265691700006048,3,8.93182741280756,0.5241855540246022,35.18826404733156,Car,CNG,18.049374933572768
11.905597421444364,0.636218006962324,4,4.221666785889186,0.7356351888080359,52.210243931304426,Car,Diesel,2.2264262806213164
183.61514064780715,16.095324925238558,35,11.214607689401074,0.5199835035120953,33.92136785255743,Bus,Petrol,8.024748876701835
92.95228853463001,10.085516406523535,5,12.99402564054217,0.8325751195260124,35.002908541720366,Motorcycle,Diesel,14.68980652357831
22.197735347722833,0.0,2,3.9012220381427785,0.7555459950893388,27.496806159765566,Truck,Diesel,1.7157252643362197
82.38280522115201,0.9942015708378568,2,0.695234079830688,0.6302254100799407,29.65026092045063,Motorcycle,Electric,0.05
29.657293304920913,1.283155675215069,3,0.0,0.5973864361143408,0.15437662986715672,Car,Electric,0.8392919902121488
6.9550212089935375,0.8613005443438502,5,0.0,0.7777317748592606,37.09006039200094,Car,Electric,0.05
246.74926622942598,2.556648937389973,3,28.031732043551653,0.502863454458522,11.396645782741581,Truck,Electric,12.288061865072766
129.93314062055777,2.115622360987853,4,2.492727325668568,0.5366383010627539,32.00532451343008,Truck,Electric,0.9579525646781734
49.693881988370954,4.676237404617354,24,3.749916746863467,0.7729240807832712,42.42760140886815,Train,Diesel,2.8087668541674304
203.60052622854872,17.333394947042567,21,26.601456342352705,0.656783572047617,37.96240713503127,Bus,Petrol,18.40025133972371
97.82073619363666,7.730290057982863,39,8.465858931170802,0.6612210369767699,43.58800269515686,Bus,Hybrid,4.169961480311292
108.76457290717349,7.128734254180656,3,19.450244589825267,0.9037660519041048,16.58826664211646,Motorcycle,Diesel,22.611357708493887
135.08054319530416,12.413021766671056,2,12.955866018404281,0.8959623037504768,42.51425377376562,Truck,Petrol,44.28280164111288
128.52124073784626,14.411029862508029,4,13.196120333805489,0.5556129082266988,51.928127934971194,EV,Diesel,11.351300058341744
25.11811674153019,0.0,2,4.876237731875246,0.4645310879433342,48.66406055770919,Bus,Electric,1.006077015431676
220.6664169721431,16.090549499934653,2,22.10798394994373,0.5271965456460398,34.03381038669886,Motorcycle,Hybrid,16.438687327916153
236.2035663511279,17.316112335140268,2,30.19129384286331,0.7060040752468384,79.12623480338063,Truck,Diesel,66.51333816404075
28.288618144945833,3.483100685776935,3,2.899009421186817,0.7668789867492565,21.90786914881894,Train,CNG,3.0347710878854657
24.409001421951654,2.8375812904687976,2,0.0,0.4360053332619809,76.30799119601166,Truck,Hybrid,4.673502423802615
131.42801415495703,11.599772304071214,32,18.08593298747227,0.38286446443426164,11.151790649679105,Bus,Diesel,9.383542214058613
163.6502492222784,13.113312323033943,9,13.461592039479282,0.6987482137120111,18.73805409688492,Bus,Petrol,17.75094497771393
19.815047693934943,0.0,3,0.0,0.94775903776348,78.36973448994303,EV,CNG,0.1444707041241761
22.008733846836925,3.1591134134656373,2,0.0,0.35847594494591273,7.618688823070032,Truck,CNG,9.525145472418012
86.23629102346565,5.105155875605795,1,2.6369871954550446,0.8611207134479265,19.278172821049388,Truck,Hybrid,12.646052017552437
47.66652585299725,0.0,8,3.79021771121132,0.4469471746229131,48.97787016336125,Train,Electric,0.9639475693066643
44.74707218793333,3.0966729383908027,9,0.06821990049628468,0.6789583050999591,20.048709952244785,Bus,CNG,2.718552106119306
23.758970204493597,0.0,5,0.0,0.46603121589593355,25.190278262200245,Car,Petrol,0.33986329918924535
199.52372877431858,17.41995103268172,2,20.786971204925337,0.6380185996557302,72.41490586935804,EV,Hybrid,9.108651763292128
90.05489755716611,7.73493656273609,42,7.7881273360449255,0.42441188918593725,31.418033112994365,Train,CNG,3.0367660420677334
212.0147762027607,3.304142514424428,3,13.321417492389767,0.8021003380673659,10.822554280895194,Truck,Electric,9.376488992820533
121.17885291813172,9.965852477800121,17,10.48696220539544,0.5090463731449831,29.33793383343741,Bus,Diesel,8.536358416409106
237.5015546393968,2.654296755526073,8,20.434654812738593,0.8469166802225698,67.97257619568559,Train,Electric,5.79276643543243
238.44822166605067,19.39174300860491,4,20.62822232030523,0.93009192684934,56.2926480684489,Truck,CNG,42.16142318035392
147.36196488313485,12.718969079769048,2,15.674578811887233,0.7671288938360111,72.80717393041591,Truck,Hybrid,23.753376036315743
99.42874397308935,7.778053542173047,6,12.92020875230764,0.4548913649748291,2.32572913350376,Bus,Hybrid,10.377247268079941
163.00383859231624,11.971817658790972,3,13.812353763624872,0.5716826277087517,21.936192183471988,Truck,Hybrid,21.913872160621438
78.79370344674172,7.1330248253844175,3,3.7429257865553307,0.6735655893521495,49.36183281284486,Motorcycle,Petrol,7.847634199461454
46.1772676479506,3.356664090004819,22,2.019311926415737,0.4618731759167466,17.541740073847283,Bus,CNG,2.297496404255999
148.58724900455118,16.859934083208113,1,20.577874710336793,0.8931156537280776,23.603211239723052,Car,Petrol,53.19833550732293
140.81126575286766,1.9409410828326374,21,15.106962218720897,0.7772006160992309,58.22989704180816,Train,Electric,4.986675215341584
130.6079869031357,13.901438155239799,2,16.931000354278112,0.8124861690994356,40.02524915355763,Motorcycle,CNG,21.724740332734804
68.43314931516068,2.6177932273269358,5,3.2937548435062523,0.6401299894584459,76.08358833383116,EV,CNG,1.5534039118035228
221.98567704197708,18.891595630185133,26,17.30135406402866,0.44153936281028777,41.50164665730472,Bus,Petrol,11.002748641599757
200.01118331843335,3.5995637182215834,23,19.930726614820784,0.6064575145091022,40.826073366058736,Train,Electric,7.203223634631024
7.051381473725661,0.524905721457468,40,0.0,0.7755644066853489,63.65668977000038,Bus,CNG,0.05
133.1853627544136,11.220809940362878,36,16.87619010153946,0.503125339759449,2.499278319251985,Train,Petrol,8.91521334465004
109.90176221051311,1.5616371764375923,2,14.453444233770588,0.6343906838174546,46.46970787491056,Bus,Electric,4.944948218538431
227.1085840775288,17.62156620098848,1,20.19722729296542,0.6642694216219251,22.41840870377103,Truck,CNG,73.47544739546376
100.29723882268023,1.2067160981691105,1,1.16860341985414,0.36164369029641047,32.332362849062086,Motorcycle,Electric,0.2530620997270667
115.96769351291407,8.014729317000281,5,1.1479861580140707,0.5270360541883832,63.12426236857172,EV,Petrol,2.6935815197310258
153.71656790322785,14.53094903660958,5,15.683083687392001,0.8892901354021506,58.06001877753977,EV,Diesel,11.51957838438247
175.4570801599335,13.73879435886976,16,20.564282484683783,0.4124808125643351,10.713251492284677,Bus,Hybrid,10.92221205152847
124.32472893666512,11.464303870666624,22,5.374008684129438,0.6814151488702596,66.8708014042514,Train,Petrol,2.8366969824827963
130.7469144719629,11.237452948253509,5,9.962196079753923,0.411417350810243,16.404047881854666,Motorcycle,Petrol,10.805800715650843
28.242002865801336,4.906442004378636,1,8.699255265198461,0.8006486962897226,15.204870928650491,Car,Petrol,17.49123378333258
113.30398317550997,7.824737658214054,4,8.895370622969693,0.6196123646198792,9.078794648136945,Truck,CNG,18.434421110308367
48.00999902871301,2.709640047477407,2,7.731558168733264,0.935536755368794,54.76215828686493,Car,CNG,7.6224866601580565
5.495472074540237,0.0,33,0.0,0.8736501550627336,48.25637280406796,Train,Electric,0.05
140.0515313704873,11.52832881328874,2,9.79402088460208,0.36965433815821713,58.58547377342521,Car,CNG,18.669124006858556
18.656365461509665,1.262469058603382,3,15.681822155127692,0.7431841100043743,62.64102683654741,Truck,Hybrid,6.597085340961546
120.1185666847529,10.198520869824936,8,19.98957064719958,0.5080054152413758,68.35917890924195,Bus,CNG,11.31196263969969
50.55135734801172,2.5349008933092745,27,2.314164506085076,0.462052853426842,42.46051215488556,Train,CNG,1.4433208780357467
19.52137751123543,0.4720233099450071,5,0.0,0.9237124490321807,22.320784273130112,Truck,Electric,0.05
222.14493179432034,16.236889658801317,20,18.11744384199658,0.6570934333428542,33.83329144342998,Train,Hybrid,9.500866472766111
198.68369930836528,2.5203745388506635,2,16.88359091660833,0.867487020190087,16.928206516294715,Motorcycle,Electric,12.412087441414029
102.37760374276776,6.960112922028975,5,15.0557905807014,0.3544088834385576,28.429154585619017,Car,Hybrid,8.359128976628691
34.179783137939545,3.616983180121778,38,5.016077337974492,0.8958761270023967,17.311144694637974,Bus,CNG,5.396601697255444
151.97768089730653,13.817385124878633,9,11.184498528283914,0.7039356483745711,64.76633618619081,Bus,CNG,13.082715474754819
112.31926830190173,5.278221323863438,4,12.50509164080263,0.762837039860762,37.742857613042126,Bus,Hybrid,10.507765920677214
249.33306415156525,20.263119575432427,2,24.96868764194431,0.6821085109921723,27.540622971572162,EV,Hybrid,18.490303832917608
157.60663034663096,13.73511547574832,16,17.976168315778423,0.505153922629457,65.57908322258878,Bus,Hybrid,6.840629241007395
155.67998580965798,13.928153297677007,20,22.444434861057513,0.5881728171029003,65.9391156880101,Train,Hybrid,5.723743378893639
155.3979786527933,1.3462337697686775,42,12.782416856409965,0.6805786493081315,4.704084625879812,Bus,Electric,9.17391269917603
210.33413811343158,19.852770852149956,2,23.85200514022575,0.39057200457757696,37.924497274225224,Car,Hybrid,23.98301120658313
19.437162363984932,2.0284589047499857,5,2.8481482765759782,0.6567621436616201,64.92773956773304,Car,Hybrid,1.6842863966847745
32.90334301172608,0.0,4,0.0,0.9197812329060499,61.282672528033046,Truck,Electric,0.05
130.85734227777425,11.906404790240076,26,10.57645052410991,0.3910087342373764,52.47624880997488,Bus,CNG,5.189570458224863
223.33539194664075,17.030213762774224,2,26.25783038943141,0.6416949855209725,59.335229203609515,EV,Petrol,17.731035165018273
136.3785073876934,11.948501150493737,4,18.114199078173446,0.7968219765454309,9.45046802232592,Motorcycle,CNG,21.037328298653527
148.0151541814139,10.735923253134544,3,16.1721042149206,0.42129652535721557,40.96335467707636,Car,Diesel,20.375120137044718
148.45327732925938,13.160305286846029,1,22.221793386503016,0.46714497381780223,71.70280806209196,Car,Hybrid,19.074623772405268
131.4553519873425,9.037694454221349,35,18.779330575719676,0.8552117217945564,73.2221764421319,Train,Petrol,4.820184578303894
40.25241827957767,1.349312806553627,2,1.1687174591575613,0.4706096892065359,60.82366304699492,Motorcycle,Electric,0.43418845700949915
164.04200947783707,11.938771094722892,1,21.529536373641783,0.8039095205872046,12.56090593214335,EV,CNG,23.373283103126806
199.90594801137735,3.3376090750799223,2,19.237827372933413,0.5138799275640041,37.4670194233451,Car,Electric,5.980521762818189
229.96708064352444,19.16446359513673,3,24.0351534559653,0.5727682925051761,4.18256086570584,Motorcycle,CNG,26.775832236655624
39.36188384336241,3.3559169759260654,2,4.109988481742072,0.3583836316510775,0.17881637979177079,Truck,Petrol,11.782867561596152
77.62896740980031,4.573707946205008,29,19.858022551469595,0.7053242898109687,30.341276046901832,Train,Petrol,9.523813931383632
36.24997499144967,1.154380147908802,8,1.855105727744923,0.5348761772217611,72.15637521454353,Train,Petrol,0.8798829284923786
94.25693166647541,0.5822709903600051,4,15.539936423823,0.49177406091017933,23.71099910344099,Car,Electric,5.4595690338498075
12.135757463375235,0.06947030065821669,26,1.3297340323586906,0.8971925885428885,8.77082766148403,Bus,CNG,1.6131424442183064
96.5745275937345,6.927222833818339,22,11.091291064840522,0.8553453487526964,77.89312585386708,Bus,CNG,4.603363037249841
165.79215514635555,1.9725860269906281,22,11.987604013875522,0.4393866945077126,46.72506741568405,Train,Electric,2.349155477271916
206.47663678758474,16.481164498091562,33,18.85619803165263,0.9316123332191518,13.993356221657507,Train,Hybrid,15.990542100179475
43.05181238316748,2.394907696657068,19,0.0,0.4912851022410528,72.44939176539903,Bus,Petrol,0.9803522196277938
162.67918019107444,10.447178203096497,1,13.908392692892223,0.6717918663335771,19.02683079054329,Car,Diesel,35.95824714535683
242.5938547870836,17.188631312310346,2,23.730002785278415,0.8242479610073434,19.319124849743517,Train,CNG,28.11493081464093
71.48982451687938,4.573455477942188,2,10.038079040399948,0.6701719603639207,41.99376765634521,Truck,Petrol,18.26341170174288
249.03955989437458,3.911508428605173,35,25.63351284833296,0.5645589261338455,38.313472624800404,Bus,Electric,8.532846001803433
214.33637566080733,2.7121963467192147,1,19.57599028915601,0.7208443029464533,36.83164696744187,Motorcycle,Electric,8.98016720525516
100.57357275528075,7.009917078223538,4,16.245715220054514,0.803784268682572,25.712054411398142,EV,CNG,11.854224061759172
129.90108487777434,7.4298457874449495,5,18.703461712833086,0.5301918014738094,34.49719745006681,EV,CNG,8.324159791100364
191.27039643402045,14.205494982988329,39,24.07103357445562,0.5982798859304885,61.87034305107872,Train,Diesel,7.300346683106465
183.869522394111,12.479005505434325,1,15.604235761344363,0.4906199794970365,44.0607113762555,Motorcycle,Hybrid,14.092989661348962
80.64592414503427,6.343005252730401,3,2.0881430716283127,0.651895310567012,7.204403022572778,EV,Hybrid,3.068248478730977
216.690384767921,21.87342905068718,31,25.06053163478147,0.36777913158583464,79.1726797337395,Train,Diesel,3.584508322833299
90.16871662154111,1.293680223806819,1,0.383873011162402,0.5013504713130101,58.05667165901946,EV,Electric,0.1489495756720111
19.48139732851594,1.6621046247111075,3,7.549603400376916,0.5002259593938938,59.6883385657201,Car,Petrol,3.6697811966423717
181.5785952267494,15.943824111639996,31,20.51726050793603,0.9440873684334579,19.41002948204983,Train,Petrol,16.931022483446277
203.75458429597379,17.742929760290377,1,20.161959051883336,0.3722963970916143,44.30096754121809,EV,CNG,17.044723693257986
77.25383855316497,6.413760039632521,1,6.465637292287915,0.5685168257035162,67.89349497178635,EV,CNG,5.803880442989475
205.70078580926338,18.915384808370355,5,17.856679065561764,0.7567421510369086,63.24811912444802,Motorcycle,Petrol,16.567702023182996
245.35303818450922,21.224697297584587,4,25.398098673994728,0.6534549669927976,73.01895209449009,Train,Petrol,15.343612324501885
221.12074875033318,21.81426154405275,5,17.910395101639132,0.4716330527376099,16.90718346095826,EV,CNG,14.173251042866557
109.7833694628271,7.678087598381593,11,7.099064693235409,0.5884256889595554,49.84682059761769,Bus,Diesel,8.281515729599636
246.67433882867857,2.833321805980351,17,18.715206907140445,0.8642951572692494,17.42386681762519,Bus,Electric,13.74574666295371
243.3674855442174,23.483766551142303,29,27.334950710126325,0.7551024298286295,37.36146859305596,Train,CNG,15.158490536142722
73.12000426855312,1.5501194842429629,3,4.317244933375486,0.6573118521799666,17.22857339835236,Motorcycle,Electric,2.742605404010671
160.3706166899743,12.786406295792542,1,9.081799818913705,0.7237105795137049,67.95694549153289,EV,Diesel,13.624398932248445
50.39550594572462,4.349479652609505,1,9.196565033108705,0.5455781616675989,21.701925816639303,Car,Petrol,14.060780774052304
15.152028174627347,4.125623242407113,12,5.1495500239153245,0.4555098495686035,17.67422897703299,Train,Petrol,2.1408330645447653
2.22967446938842,0.0,1,1.4258256142097554,0.946882054755183,73.47169691122399,EV,Petrol,0.8341812645936896
78.88060311465532,2.8677879627580514,21,4.020886226801394,0.8315875648358546,10.099314925302574,Train,Diesel,2.2260441326560727
217.78365662421547,2.312758375802671,3,25.758188052688205,0.44340511827506773,54.89034480022262,Motorcycle,Electric,5.3575878432928
114.78278453394722,12.812406400441375,39,12.91712444901115,0.5951100020815128,64.87190018671681,Train,Diesel,3.215235810314635
218.97450571720213,19.536172150737475,4,18.961156699146102,0.3709494750936479,22.499677349939304,Motorcycle,Diesel,22.27761197096199
37.2861786820349,0.0,13,4.444184715024213,0.3965310045568798,69.97083294743517,Bus,Petrol,0.12496208608563047
13.547165628738997,4.413253852922395,2,2.6002090793605444,0.6218492724858964,68.52601417193524,Motorcycle,Hybrid,3.221961729868588
118.96270586394068,5.036883994435812,4,9.987786978321743,0.8627161208253177,31.99609848539927,EV,Hybrid,7.252118300662386
101.25258125179634,7.84728169007504,1,11.995717431450387,0.9365035904773586,35.54929301105859,Car,CNG,22.16698992640807
94.65056960515304,1.0931720630120214,3,12.859121382069318,0.40186844796128374,34.23154105433977,EV,Electric,3.2782366785960075
87.90887300165335,8.839976154153335,21,12.265698001092066,0.8907088515491677,45.35433496236375,Bus,Hybrid,8.35776175740374
87.50201610355667,8.777044593766973,35,8.92675719701804,0.43917190176614224,35.743707575245516,Bus,Petrol,4.667423326451639
68.29851318547797,8.285657158438816,43,2.2691124099530837,0.8325660996665446,20.742784072652434,Train,Hybrid,2.6782447641565112
103.68736900015736,7.308582455425655,4,8.16546923068056,0.5559570308482301,18.934072118961467,Car,Diesel,12.783511937724946
186.99420027208208,1.7844350287314161,4,18.531748098509123,0.7330039782857977,16.75462692210082,EV,Electric,12.150931399056436
195.22635180521544,15.189286044408698,30,22.67097294891436,0.37185916838591665,35.45423897962302,Bus,CNG,8.463862607550416
217.4835378811671,15.768048621362183,5,23.001299897615578,0.5684650173451851,38.60299609963957,Truck,Petrol,34.87630887289298
137.1331301584424,10.216861870792938,1,19.791411733080977,0.3891294019397218,74.56907586969376,Truck,Hybrid,24.018421801932007
126.93157176625026,10.46006567735932,22,9.632772669035358,0.5134931552703194,52.70534134539367,Bus,Hybrid,4.018823007428742
55.157668363050206,0.9028910945488403,5,3.723515899736028,0.5884003305239245,0.3520737522840456,Truck,Electric,1.8266468332296915
3.5024130483024285,0.0,4,0.0,0.5153992602722997,52.43930948471747,Motorcycle,Petrol,0.05
249.41685134213458,22.556108919150013,4,30.15900566485537,0.9301682831809582,69.44138355460177,Bus,Hybrid,26.703448992730575
187.89986900435673,2.1256855583780174,2,21.022861202625823,0.3600955635516948,21.93838579122966,Motorcycle,Electric,6.555034216424391
80.32620830194321,8.291676547010644,1,4.274369862783287,0.6375279587851694,67.4119392536428,Motorcycle,Hybrid,7.400947924956335
110.33929786936802,7.8966952458374875,1,8.198093702753436,0.838865209110915,58.3745594875451,EV,Diesel,10.181969503731537
149.48626263556488,14.671507123850331,2,16.120932876624153,0.6605031466361295,54.47732801001272,Car,Petrol,29.897336901916518
235.27152754555453,2.8939481810602485,4,27.843647871852287,0.6503641148639936,43.245748151092954,Truck,Electric,10.183966922220144
179.20892037098037,15.470794673618741,19,20.822188289684536,0.7724193638715277,32.9024602096661,Train,Diesel,13.190602851638019
46.37334684279954,4.717340402629845,43,2.3937383209046494,0.7061679147907792,23.949627468343905,Train,Hybrid,1.185208150752854
185.55625975660897,2.753744215824568,3,17.123588752096804,0.39421749928300404,0.860297408002042,EV,Electric,5.48516579031088
40.69007026122241,2.6776162353165884,1,5.057417285443924,0.6074450695920917,31.587271416050584,Car,Petrol,7.811058465880515
36.1990964381674,2.3633447027116765,5,2.9956556405291295,0.8152546716036045,16.135041062436287,Car,Petrol,3.3145710506140205
201.7853542124758,15.253161199807426,2,23.77783874976071,0.6278280840515484,50.41883959783907,Car,CNG,29.877144104884273
71.1201247779723,5.717103757535403,1,6.798520365294179,0.5128636505386257,62.015305588697565,Truck,Diesel,29.242671603089853
30.587150415824752,0.0,27,6.524304643012873,0.7312005458285504,34.67358044068053,Bus,Diesel,2.473171708487284
174.5779345206123,1.8777987274349752,2,18.130616680506254,0.682651758467587,17.752051703505884,Car,Electric,10.003446280266472
98.10013281361454,8.77726055350526,5,16.235457883884326,0.7115986463279038,27.224051493322268,Truck,Hybrid,15.862296233421144
211.67355888142623,14.64324255682276,16,27.57085638285099,0.5863008537110134,79.97718808503143,Train,Hybrid,5.329202853823283
71.57000294279338,5.490119165819914,3,10.017023538253632,0.6385448673088883,17.670306787963213,EV,Diesel,8.263173337040232
222.41936605852953,2.6060499002004582,20,27.151101192421724,0.5230955618851686,14.390917176202223,Bus,Electric,12.213165871406115
178.1214012436767,14.867272136136988,5,25.736940119115523,0.759493571601241,17.336984993058557,Car,Hybrid,22.192089521164277
117.47091048171941,9.596815574286886,3,16.31215492621342,0.5443877280510898,65.1921807241602,Truck,CNG,23.794428357771608
230.25931729409476,19.23880210337134,5,25.19663711565079,0.8778658736365224,37.95057063290944,Train,CNG,20.731559437324094
55.59578966037844,1.6834350548113206,3,3.141044019868059,0.5220152152742452,60.617321665012334,EV,Electric,0.693308030690765
197.31551550984665,16.363435162964205,2,20.430828859067894,0.568278189298782,57.9488075874241,Motorcycle,Petrol,23.015805780628842
48.589459883705445,1.2929189739074056,12,2.974944943373544,0.7071294131099897,78.7056400185285,Bus,Hybrid,0.6322036371002806
200.56661134993635,2.2807731720472324,1,19.074460474190893,0.7646792087225172,18.224892086910724,Truck,Electric,11.540810118739765
61.00165189275403,0.21876958877870023,27,2.853764984506974,0.4920104021585937,68.69384963870912,Train,Electric,0.05
91.50389278583818,8.432500539382055,4,9.900259967273929,0.6418150539599714,19.49574033861815,EV,CNG,7.482120246280197
4.291252511791145,0.48772904626072344,4,4.0385949197203965,0.3686934864960022,49.69865425709308,EV,Electric,0.7641998350543628
19.558516999867404,5.704132210575243,1,0.0,0.5971848344071927,37.208154277127676,Motorcycle,Hybrid,3.7895719514835973
203.34661217556615,15.887474019495235,2,19.441502329340675,0.48436063501537974,24.859221422116555,Truck,Diesel,64.14685027799052
78.18588114081366,6.6885116766423955,1,4.220827155805017,0.9016381546206461,8.247957606824796,EV,CNG,8.216790776178547
214.02639190037223,18.196203339692183,15,15.995455485783985,0.7072998235460708,17.88352806713867,Bus,CNG,17.725862156785915
118.84498551440326,10.949739449361594,44,7.488800289078157,0.7477566203363712,61.348921624225056,Train,Hybrid,2.250041540113193
12.876854287643162,1.9557885756968292,16,0.0,0.7404679013444855,56.1505376331673,Train,Petrol,0.24795029636574772
60.26649522276133,2.0877239482565777,27,1.6181014052220357,0.4681798735756862,23.301061337147317,Train,Hybrid,0.6520329045115405
122.70406366758675,12.735655472375008,24,13.503106721659003,0.9016839851060547,67.19472753577506,Train,Petrol,5.488824076828904
158.1201097080525,17.38915640441104,2,20.77439715557754,0.5432636006403575,47.360230995909625,Motorcycle,Diesel,28.14851509096434
3.8491949931031524,0.0,4,2.3867775992507876,0.6648770902000508,49.199021035971604,Truck,Electric,1.344735236941402
224.14124788975678,2.776094169449475,34,23.538950612667296,0.49444577211451635,12.059533302087484,Bus,Electric,10.623213945095275
100.69174043502812,5.7608691515105175,1,4.408506949572757,0.4877914017437486,66.45078615862856,Truck,CNG,21.60589105702449
245.10066706843497,21.79231304799569,5,20.86482075190881,0.42217142909365596,65.3456053983281,EV,Hybrid,6.6925704936177155
138.2189355972126,12.031812196128763,2,7.1376572203674415,0.3832915919145888,13.48950094652543,Truck,Hybrid,21.784430855034746
76.90871233513127,0.5829039678066084,3,7.04595350878992,0.7241450886216105,28.59905403184967,Truck,Electric,3.8334603540613568
126.78793821758882,12.254063899518172,7,17.19867539818911,0.6216505245625142,40.45869497474844,Train,Petrol,9.655080802658857
57.38400186416125,4.942165404592942,2,0.0,0.7803864312238425,13.956971500845965,Motorcycle,Petrol,5.198278940137143
105.34185384486578,1.4440502358171845,3,8.581750283132171,0.5981618841757318,62.7141228600933,Motorcycle,Electric,1.7573342964804881
234.46535975153859,20.21796522580525,5,22.734122107875322,0.5562003891685141,29.14856570681435,Motorcycle,Diesel,22.401378787860622
139.7924023712073,10.408969955159442,2,14.571955748606388,0.8467544882939433,68.94600795533944,Car,Hybrid,12.763546921875625
75.04990659166704,2.831080132272473,4,15.107151680903144,0.6203238833069957,13.176491239269144,Car,CNG,11.074026287948977
128.4772545189424,1.3586772404059761,1,16.15673605645625,0.7172899254257085,60.26948911604364,EV,Electric,4.374427581547659
30.942515536357135,4.733500046802461,1,1.7212285062882493,0.38226482574113324,40.49185245124761,EV,CNG,3.303263390068223
78.09479228846436,5.9089275757888,41,5.02283957882465,0.6815287638637879,3.348922032547046,Train,CNG,2.9473123174048053
55.02690238847326,2.9550023414503697,35,6.710854859248622,0.4551112383506352,17.560332075867446,Bus,Hybrid,2.2675061051258205
218.87738858006824,18.2385269139789,5,23.29402198985666,0.37393136162788637,18.191275649827887,Car,Hybrid,16.015403862610338
156.1271782687157,11.457095881847001,2,19.986856179736638,0.5487069469772794,66.79555301223574,Train,CNG,11.08773561342656
121.8670832776019,9.914053119785478,25,11.506231563239556,0.7450600557099655,7.037099881950901,Train,CNG,9.441612385616349
55.89828693527028,0.6723678986888098,1,9.64541602993805,0.7037183567220577,36.41842781209259,Car,Electric,4.0022937539963515
247.81760763251026,18.40318626638047,1,24.803885317768106,0.5990644560010968,51.907754719488864,Motorcycle,Diesel,38.390730929811895
92.86029441755362,9.545958126932337,2,5.088842098100132,0.725409674156225,66.97681718893239,EV,Hybrid,4.3775431507101175
45.24914602011603,5.961070330968196,33,1.6020647012067215,0.352569686379761,40.3368241343093,Bus,Petrol,1.7944304825503146
165.15716178868672,13.831911807694947,3,12.322005608730569,0.3825746526487475,69.29363446541952,Motorcycle,Hybrid,7.695726334730446
133.55783056764486,11.846026439288837,2,4.879367295895154,0.715050047926358,54.52886786699246,Car,Petrol,22.405335025460133
169.38192100101875,17.94273216355508,6,15.828839264927202,0.556702911006528,60.26476924770536,Train,Petrol,10.470744227537532
65.81155430484756,7.179999444670878,5,3.839028979072551,0.6255062219636912,13.60995244925201,Truck,Diesel,16.55118430831691
14.918016192483119,3.8526314156833,2,0.0,0.6207130673201194,19.608022586802605,Motorcycle,Petrol,5.198650120396023
227.92448819545544,19.95331198972444,41,17.43161527942135,0.5750681918453421,3.029289331450258,Train,Petrol,10.989723945220556
32.42302046377206,0.8077927177931015,3,0.0,0.4117587942771581,38.44109718554789,Truck,CNG,2.179679765636985
36.13342671282761,0.46994766611078226,1,0.34716816649587523,0.4915353525092244,64.0198754887094,Truck,Electric,0.05
102.6742105770165,8.086252227755681,2,10.30972187981795,0.46048411201604544,8.615129783668909,Motorcycle,CNG,12.388693224329412
142.0774340643652,11.440078047828186,3,11.376551953761652,0.5335657978583449,20.90385608193312,Motorcycle,CNG,12.909357981167338
163.95976891129516,12.642398341884306,2,22.322919269298023,0.8431222777392202,38.34437461742286,Bus,Petrol,42.00828370964684
66.01413191309038,3.6279820242036998,3,6.649131324095305,0.8754899797384266,48.167026080135365,Truck,Hybrid,7.384209795388628
107.80547939350376,9.90649017343006,3,8.455274011489557,0.44291864685730153,70.85303360362998,EV,Petrol,4.511634629683421
14.335213849224985,3.352578434386839,1,0.0,0.9001739515170707,39.23187338077068,Motorcycle,Petrol,4.691620690377122
219.05996868457007,21.509459673707983,27,21.57266636047055,0.8038813644533261,46.18712024609194,Bus,Diesel,17.620266772607003
46.090954680032105,2.5463570418280437,5,6.588820686096405,0.5315979934288577,78.89290591645016,Motorcycle,Diesel,2.563570351355205
51.53142726121615,0.7325366596467783,35,1.5324424991473133,0.5342787761972173,48.67602958350063,Train,Electric,0.05
113.19272381745776,13.896299275772929,1,14.22485843454161,0.8074411038228297,46.679484117566105,Car,Petrol,37.79428157702315
61.86969644014138,9.387067696803456,2,11.761047682454382,0.7180155418450207,58.076925831905584,Motorcycle,Diesel,15.351965934619763
5.039686862526746,0.2993453989830552,2,12.488925067845246,0.4603606714814118,22.541356626108254,EV,Diesel,4.938833036095841
64.22640638023604,0.8579203686436295,43,2.2434050607972553,0.5876353668701928,3.2025010239411156,Bus,Electric,1.4273308374321545
102.9077180588837,11.400858972846105,2,14.038637973545738,0.7305099292371102,69.1059960211004,EV,Petrol,9.726138084877268
38.0275719067768,2.212298802565943,24,0.05982439394027361,0.6126610202393057,27.504515855508053,Train,CNG,0.14085089768583967
186.15712731540154,13.512042574635345,1,17.040105240162944,0.5646860194492138,62.048271378130494,Car,Diesel,40.19720715303097
167.1317191763389,15.002502804973062,2,13.857191528695173,0.3754036703655056,69.49966206428267,EV,Petrol,10.96935666844973
75.93432838715594,8.179149941717847,5,0.0,0.7992425117294366,53.29429216920181,Truck,CNG,12.723576535379353
228.477582510134,18.489180117787058,3,24.31633575855822,0.8926146200549847,74.2645706477699,Motorcycle,Petrol,21.20229595025736
105.334013918712,12.867480990179294,34,8.02907953758163,0.7367632039006,6.181282420292291,Bus,CNG,8.571837690944827
225.2461019860019,20.46824157090363,22,19.729556523340925,0.8204365445844242,66.25800218514573,Train,Diesel,8.892747956604692
38.04375238433127,9.652830852647844,39,8.022510024601456,0.7401273645090254,54.54314735757187,Bus,Hybrid,3.7894443476534425
180.951652586115,18.03596258305671,1,21.235934485529977,0.7680236174456465,62.67307886671807,Car,Hybrid,27.172432595743995
61.020648932885486,5.5633714468949345,2,8.19486268236755,0.46445657147999847,36.442472495193215,Truck,CNG,17.49397069193306
141.3457030534666,8.764575016519906,20,6.1210937877458775,0.6102409842124892,32.93154535101788,Bus,CNG,6.105809706395715
82.77231281492092,5.659058085330348,18,10.638475659713288,0.7590900353877913,16.096359850069824,Bus,Diesel,9.886255873377051
38.34166519496233,7.1458250019379115,1,0.0,0.44804994652415775,18.120446554494045,Car,Hybrid,8.98370763649579
68.3768862948434,6.456762556264843,3,3.0581301590753007,0.4632395326057775,58.18468477019448,Car,Petrol,10.162835179120414
9.756758316151988,1.490940237936802,6,10.685564008965637,0.5808767809974243,39.154391940673065,Train,Diesel,4.097381323147329
3.5103893594314375,1.5316628588703716,5,1.9403521689946,0.9203893274893613,65.39116299331886,Truck,CNG,3.360294370044174
151.04813663204817,16.19520568584308,1,15.643291408495203,0.6061591158598018,58.53382267742313,Truck,Diesel,82.37851056065053
207.8366889482524,15.25245274798321,2,22.751389700250478,0.4433274799623607,10.333135688191826,Car,Diesel,39.80566676337042
205.03805327034758,13.2234322264489,1,21.51739699591956,0.8459892433941725,28.163242403473667,Car,Hybrid,28.650210035587484
112.50880736592953,9.419130289280627,4,17.76229661136921,0.7985035326583718,13.9641906860217,EV,Hybrid,14.369403393866161
133.53908577578895,11.92621641746088,8,14.568878587384209,0.38812000897720184,54.82521939353938,Bus,Diesel,15.047519111720609
28.341927197355957,4.146574015469234,1,4.094061868342751,0.8358615074287727,63.69190069182621,Truck,Hybrid,10.2892984588848
130.55840052468827,1.5917808096056665,4,10.382837754650545,0.9166885137936484,16.61845882956653,Car,Electric,8.201829069822871
33.81627324552329,0.14030174001782797,1,4.56630566306729,0.6938576848049096,79.90905923133464,Motorcycle,Electric,0.551320698397976
2.0779760717335662,0.0,18,0.0,0.8975495286183811,70.44199810874551,Train,Petrol,0.05
104.20199912490621,12.530754367920954,16,9.124510016776416,0.7479428171063307,18.97142905528736,Train,Diesel,7.700312707206431
215.386553038424,21.51267187159852,16,24.539459803627675,0.3641168658939664,20.392072304205637,Bus,Hybrid,12.614939939852244
127.69308762195234,12.435813553202744,12,12.716863038208551,0.8749394423338968,29.001510544298856,Train,Diesel,10.849442890260212
101.20619895453441,10.884172823077579,5,7.452017840379959,0.6723122925962199,37.446830516447456,EV,Diesel,8.075252808731186
29.319827821224177,0.0,4,1.8756789021549691,0.46564573447444724,11.646615368178868,Motorcycle,Electric,1.4936646206622943
112.03005447170969,8.057560209910886,2,7.888788833436561,0.5190203188991781,73.21966208243043,EV,CNG,5.471351300646783
51.14839964406761,5.432202636499042,2,9.817581577330827,0.5558825749060793,67.31454809151008,Motorcycle,Hybrid,4.781946289095103
87.99461956874357,7.342798358080104,3,9.744545039230411,0.7140071091547842,29.551217881583778,Motorcycle,Hybrid,8.2844842074117
240.53030386726928,21.05518407735566,37,27.16189653255143,0.7099348554063769,44.051316865552224,Train,Petrol,12.815263789591626
242.95087897719793,21.470596421630063,4,28.129132912840216,0.5227168402944695,5.147918573994348,Truck,CNG,52.075435688313256
45.672162458561246,0.48172631347656447,28,4.406720014642809,0.5316529149473913,26.630610033123723,Train,Electric,1.4119060311952683
39.01931569182661,7.826509642291845,12,0.0,0.4548104029523849,74.61968608059665,Train,CNG,1.9108070549198715
166.24266335015903,1.740709182785826,41,14.267182898759918,0.8775429313399865,11.842657608204945,Bus,Electric,11.263145949748658
126.30583100251651,1.9427159626865511,2,12.41874844559954,0.9393384977393826,54.139090359153066,Truck,Electric,4.7583532256117484
188.53029153757308,3.004604988361796,5,19.49679770022151,0.5446039959221836,57.35668767155793,EV,Electric,5.340784862185358
237.74591924417513,20.952228329182642,10,16.350509164870356,0.7182282900355514,34.138383966153,Train,Petrol,13.387200381341556
146.98407662952775,11.926426017547906,3,10.445812822331083,0.7301622715651166,73.22090012352565,EV,Diesel,8.841829848194228
144.46797949929686,12.782533572713799,3,18.14509937631043,0.8883702005198608,72.83298718653005,Truck,CNG,31.661251419692007
140.0257678987945,12.207185569221524,3,9.757808032537767,0.6074910739274975,56.723490418754984,Motorcycle,Hybrid,8.565291334956
178.30014531691347,13.792874097005575,35,17.896035236492587,0.4861048907793395,35.23618761730134,Bus,Hybrid,7.78845454938587
152.18672761150393,11.274468618859064,2,11.27517286118021,0.5370628752667501,51.33165431293062,EV,Hybrid,5.395165043357594
4.578729174514852,1.9490802993385024,5,1.8675504334916455,0.3853854622339767,24.292673368789515,EV,CNG,1.438836040423563
46.583383533138125,2.8959001169966734,4,0.0,0.41793036980423093,53.495581027473555,Car,Hybrid,1.7285358235683235
178.42865017493398,12.418392818079301,22,18.52732061161848,0.8281828351492792,62.71612641644495,Bus,Diesel,11.306500383136047
156.43307549375317,15.64489981834723,1,9.479015563369739,0.39875881636851346,34.76834272948881,Car,Hybrid,21.058049834906008
221.07853315869764,20.047403521927336,1,18.157782196474987,0.5232446211438817,16.233582644922684,EV,CNG,21.629067472115192
200.26751404188425,16.368206231599828,3,14.386937444130645,0.6011184662219919,1.2317323968455884,Truck,Hybrid,29.23652576420545
34.25151714104679,4.074554102681452,1,3.251349176068975,0.8851329211050899,52.57358067393359,Motorcycle,CNG,6.142230438325324
154.56700550588565,8.46069487292472,2,17.71566958455019,0.6794843461313478,41.27123203554668,Truck,Petrol,33.29537219558383
42.89902133493616,3.444595208296631,5,10.971023816644612,0.8705489147695857,29.841181366218727,Truck,Hybrid,9.952745084706356
146.84399214044788,2.194860714451125,3,14.052314299057425,0.3919031554961019,15.622174416527201,Car,Electric,4.633545139109938
223.2257999763696,19.589595426951295,2,20.00580005953736,0.8633632763581669,59.95821032980717,Car,CNG,36.12308544041121
32.72487110351274,3.6219140143641524,3,0.0,0.3822292190871355,65.89395918596514,Car,Petrol,5.525044009480811
17.694341083705183,1.8663925525300367,5,5.227747913514017,0.8923173175856131,67.1442857654203,Truck,Petrol,5.045720640621319
154.78963600141074,12.733953409960574,34,17.0999239653668,0.939803299445713,54.88380037180386,Train,Petrol,8.767056345393263
51.177906975988456,7.269055877321598,3,0.8984213603245532,0.410197590707029,61.070964331462676,Car,CNG,8.441354770071078
19.002908784082173,0.14383674934903512,37,0.0,0.8789379199186294,52.041072170620296,Train,Electric,0.42084489351366877
226.7656712025322,19.537722634892134,2,21.923677035085497,0.7584935554959247,71.65376677673942,Motorcycle,CNG,23.377883112699436
238.1696058458766,3.6482112204600665,14,26.348317113994092,0.8984363481958709,30.460237975570294,Train,Electric,15.908935583706105
160.80447403887203,13.859285785461994,5,17.958592871950508,0.3905837327018386,14.651227667982418,Truck,Diesel,33.536428564931136
242.2253173975521,21.727406294848972,4,22.659447971221923,0.579468900769651,60.77381631903968,Truck,Hybrid,28.058048109296116
23.30540842758971,2.3216304912911143,15,4.980933444459974,0.49381142050467286,4.252893738778214,Train,CNG,3.262149642021559
227.90145153301722,10.213558458021762,27,25.48623796256651,0.5650443755012573,49.304567684167196,Train,Hybrid,8.530371805369352
187.07576202753754,15.572349583603648,5,9.307691341775287,0.6662132295754253,17.87556933838711,Car,Diesel,22.645332512281975
177.54067543411975,13.971704061498523,5,10.308508522527887,0.4025737468439222,79.64209432495535,Truck,Petrol,25.559128503524647
117.31995672487115,8.084727576811247,1,5.360093867366541,0.8775355140881395,65.17330128646228,Motorcycle,Hybrid,7.300607461717107
116.83060475803853,10.938091617876573,5,9.49042397642904,0.4294708388865226,9.13475232516161,Truck,Petrol,22.5042663564113
157.11509401568512,13.850678325347442,30,16.6884763744908,0.5876880470529801,33.1145446540947,Bus,Petrol,11.028102235282548
190.54827060221442,16.51421233184789,23,18.31014280956497,0.7861404215925091,56.42116399256291,Train,Diesel,8.312247126962536
17.512842996769013,0.06694319919954106,2,0.43871297109025864,0.7574060169017118,57.32321552015542,EV,Electric,0.3149786349983744
198.86214645714117,18.271186042992085,34,17.760387036486936,0.5604403710459671,32.8040410636782,Train,Diesel,8.050424003207125
211.68894459380047,20.706001167602963,22,26.653164022454696,0.4450482280686668,54.937935964644105,Train,Hybrid,7.499377730930012
132.295959347258,10.486611616484861,4,18.978632256470103,0.5290243943990796,26.629340049307267,Car,Petrol,19.295077150113112
138.26800183630615,7.828341131977592,2,12.712417092405797,0.6340166079184792,15.875146930580986,EV,Diesel,12.228751202127357
84.54056585414457,7.498793190537523,1,12.50531140619595,0.6273652161681692,71.13581482517338,Car,Hybrid,10.904430916057745
56.429410448566536,0.8967904850396542,32,15.924228968635049,0.8681600419124924,1.8957921694987778,Train,Electric,13.56083302681374
12.748884706233452,3.135155543970747,1,3.164692528044549,0.6582311247002323,44.3559905597222,EV,Hybrid,2.4834230196822933
151.206315546438,12.991090492515907,3,8.278759356350697,0.7538157582270963,26.56940146497762,Truck,CNG,31.492142437892593
179.45491128513555,15.019206882803113,1,23.428469158413467,0.7322650479069431,23.15329068448209,Motorcycle,Hybrid,24.062367277920604
40.43231030117327,0.0,1,8.581360824906202,0.4558413649126489,56.99972882905769,Motorcycle,Hybrid,1.9446447682554049
79.26641832170229,7.646976657545336,8,11.400531118175012,0.9258882997621262,39.39998789424742,Bus,Hybrid,9.789247612005964
66.62119047351801,6.201129179250868,3,11.130542293175926,0.9298857444130302,47.08110212997008,EV,Petrol,8.533719435900917
212.14295435995834,17.302085453289397,7,22.501460912189813,0.4199624273411099,67.26224791523457,Bus,Diesel,24.289630288570052
17.160091785302765,0.04078556207318737,2,2.2460867218425076,0.8286947142959773,37.18968990863128,Car,Electric,1.1233684443316398
159.58645965218872,2.5967218221650823,5,18.29920379506318,0.4302083141310401,76.89379127173461,Motorcycle,Electric,2.9965106558064845
133.19462881824475,11.44080656875856,3,18.561180885150545,0.8287604703073213,62.1743586265023,EV,CNG,9.83770357295221
74.63987900226704,0.6740984861793526,2,7.240239923985013,0.7981145738818193,24.187448971382643,Car,Electric,3.9953906266625645
43.98646994082377,5.918759858993699,3,4.511246634979189,0.3775621982640337,79.3966967820011,EV,Diesel,3.1696967451469953
78.73955413974267,2.120573922193449,5,8.695378142980097,0.4938863265822677,31.50170491203238,Car,Electric,2.7743534148481452
209.33449848727625,19.6802103417058,2,19.689823160437335,0.8396693609247695,2.981991039443095,EV,CNG,26.177012894119446
16.150611399126376,0.0,4,9.183736461511062,0.74122908992292,27.762476744287223,Truck,Petrol,5.314920500075525
115.57433052121286,10.176299456044006,5,10.481311115078645,0.6776313476452602,6.0227013022629805,Motorcycle,Petrol,12.869054955196306
78.59796321898472,6.842304382179742,1,7.0427183706692755,0.6485357943899357,24.832132722405493,Car,Diesel,22.205038171926173
61.68206194030958,4.062748035260997,4,1.7305220722739927,0.829529828150708,30.84449029149991,Bus,Petrol,7.036890353259307
134.79048922260245,7.27520943477149,4,17.18455591359323,0.4826133163665009,60.45572075394019,Car,Petrol,10.835509912062923
41.74757508540669,0.5161992650871685,1,6.093687570630716,0.846435597341305,26.923494070993847,EV,Electric,4.211230919204615
92.81548380673107,1.445047488345487,30,9.134719598197124,0.9200206779224808,38.660998567073364,Train,Electric,5.449780626023329
172.581053685304,2.019836119051058,4,20.376589451473997,0.5757684466091186,46.454213480739234,Car,Electric,6.923218075059525
215.58686082057665,20.37665286400863,5,17.41071046342279,0.421314793742138,45.53387413910211,Car,CNG,21.19303271677293
17.117666806668286,0.07023526905543548,7,7.010714543175834,0.8197013323725821,68.57924102052385,Train,Electric,1.885917596412851
176.40337043272257,15.055323320427648,3,17.7302582278872,0.4222890824834706,4.693370586603285,Car,CNG,24.622076777260872
206.17645603755406,3.1563170348674046,3,25.14585107259812,0.8859703918243892,10.634084078159933,EV,Electric,19.91492430317765
209.98200942758405,20.605630122620465,4,22.470787163552032,0.4200750966639905,73.90471036672653,Motorcycle,CNG,15.424568718697294
93.4181892985651,2.166871857902731,1,14.089384308252832,0.8759943469009767,72.98703434805098,Motorcycle,Electric,3.6636545328458943
56.58519004086889,0.9241994366180869,3,7.476646491562133,0.35335966331854435,62.34024900478663,Car,Electric,0.9491718248991626
99.40246951885842,7.8041115695099315,3,10.150695255531366,0.6091088006808183,43.602779659448814,Car,Petrol,14.706387280910235
57.860091069503774,5.228403305183402,1,8.08342624006732,0.430501283184115,45.6386387843522,Truck,Hybrid,13.32637025762888
221.92787294159663,19.39783397858702,4,21.016177554777407,0.5908510036660874,26.593210712622685,Motorcycle,Petrol,24.542713022996853
122.7064055978306,7.706591391067098,4,8.44202924855046,0.4318820987256134,73.4868359255305,Car,Petrol,9.916736266192698
5.185869641861768,0.0,1,0.0,0.7255059724261919,28.618534033258783,EV,Petrol,0.05
214.3272242980577,19.38881847220569,1,22.414142224095436,0.6936224815599161,6.663137630768086,Motorcycle,Hybrid,28.966711478561052
200.49350380766623,19.157050699171794,23,12.756081806675462,0.7875445873059028,5.308331580528147,Bus,Hybrid,13.68400830488254
154.83298467766127,8.356393462896188,3,18.26480705920872,0.5747296887532698,5.206210174201269,Car,CNG,19.97391112424255
160.310009316924,11.535794890420526,17,19.1531653696784,0.856838034728641,66.81291966270638,Train,CNG,6.835285345666215
241.75231124717538,3.8193723022600414,1,23.905860513480924,0.5706282828994805,48.025717603731565,Motorcycle,Electric,6.854963072468072
96.89856494590599,1.9743836618170445,22,11.439927348059058,0.8076025151285074,30.9364290809739,Bus,Electric,6.3745250442210395
216.06157947989016,18.012542324919128,2,20.026168862796315,0.5686306435382259,54.95186044149892,Car,Hybrid,20.510059403661085
18.44557877000179,1.1239330430318228,2,4.662204551224573,0.4199875488465116,22.99970310373329,Motorcycle,Hybrid,2.084492885939413
181.82869082809833,2.363338614061795,2,16.19956806756172,0.4981455428764791,76.55108802529536,Motorcycle,Electric,2.0585199372122647
47.428789701151715,1.0126841095483727,1,5.638449798387402,0.4075277226206513,51.21369984865996,Motorcycle,Hybrid,1.2886744916710133
163.24039718573565,13.496680507651181,20,19.780214222870487,0.9010542401671529,58.656368885500484,Train,Petrol,9.4480140452633
180.79861662902437,14.689604565004903,9,19.723746099022485,0.40821821632001504,36.10244012527577,Train,Diesel,10.150290195760908
2.9785980867442348,0.0,2,0.0,0.6871081682395813,27.28816315384463,Truck,Petrol,0.4790117073686303
223.11079253190627,1.9348410539421659,5,21.724212732676282,0.769128268353027,78.47847528126513,EV,Electric,3.8344626741677725
99.2668905955218,6.984729655295536,4,13.345381405517397,0.944374864021097,56.542260600747255,Motorcycle,Diesel,12.14105991026984
94.1325887090272,7.241020840157241,44,6.870048644712196,0.8368285709136587,52.84542345660085,Bus,Hybrid,3.1056205099773835
182.55249186183573,3.3484864072746086,19,18.007716245673993,0.723724794114161,48.87592264975489,Bus,Electric,7.044375488425533
35.74593333469343,1.9115592795724203,39,6.89708752362867,0.5993565185610239,63.057523359977864,Train,Petrol,1.485639746500825
116.06728676025816,13.650993013851403,9,11.221201421791868,0.6489942944732543,44.70348669793345,Bus,Hybrid,10.352173402067859
38.496642906114175,2.7402925536736444,5,8.254434424128211,0.36883497195193854,67.6840397742786,Car,Petrol,3.6913576866384825
187.9958147726632,2.3949738974688173,30,20.7956718801373,0.49860680041409733,12.43197329856585,Bus,Electric,9.384641502955613
174.5131883486276,1.699748819123073,2,13.11573367644016,0.47958748944767765,45.20395570017048,Motorcycle,Electric,3.6181912998874863
128.41779498300787,5.516049884446119,1,21.063686932775262,0.5369594329253341,36.1797033665228,EV,Petrol,11.025863643922534
227.167414459011,19.654867823469644,5,18.31171416265617,0.5612496767805553,6.007150450655274,Motorcycle,CNG,20.656258668190954
167.8375719945829,17.61053211503948,3,14.040930715166397,0.7340436017558472,14.181366209355852,Motorcycle,Diesel,26.73987910387017
198.33866000397438,18.562265279834246,7,23.798132763723437,0.9281128184355059,49.30058332819957,Bus,CNG,27.944237374426127
208.6434061590849,15.969927539619237,1,18.62459743846228,0.564210379400361,73.01599925933454,Motorcycle,Hybrid,15.370649199991306
163.41970972826925,16.228330121715288,5,13.457722513631754,0.880949397910689,11.072223921296152,Truck,Hybrid,25.214036505999744
176.6984003204194,2.4281382656860906,1,23.478192560199197,0.39477777870158703,64.0860906086274,Motorcycle,Electric,3.1902344249133145
8.961362954661329,0.612871646940686,5,4.6734257039391895,0.36549019652688225,2.8311633890382826,Truck,Electric,1.029447674610342
54.12096029809329,5.492189234458678,3,10.556085488522463,0.8118523726785435,21.47369743690288,Truck,Petrol,20.239460034920217
23.48651968923854,3.4293222415799614,44,2.266669720232532,0.9311328865416534,26.760460795253664,Train,CNG,1.6766575426135468
180.48259450402185,18.389585542151277,5,19.46976429308257,0.9446178830156418,10.534140162972605,Truck,Petrol,48.743046004964675
201.5146000269808,15.437865101820458,5,11.90934421420083,0.4726532827341257,39.96603026867512,Motorcycle,Diesel,14.45009376847236
42.13367751933763,1.9082622337677433,4,0.0,0.7658586673080265,67.88923970325095,Car,CNG,2.803919735326558
177.93636053260164,12.759314504196073,5,21.746987018106246,0.4416162160998661,55.34875791778657,EV,CNG,8.042350479937088
133.8118342944299,14.379478379952285,1,15.569021489507143,0.71019583521063,18.472081552910176,Motorcycle,Diesel,34.033582579660575
216.5796068177325,14.354121396303768,13,20.404257351038876,0.8579237587540232,46.323516308283985,Bus,Petrol,18.433312548252104
63.956519065650845,6.010266697213478,5,3.3244696676393404,0.6555255738461723,37.55916253598882,Bus,Hybrid,5.079711591338308
96.00367356631286,4.11767788933139,12,8.075746125821567,0.7782855285215904,69.8424731106899,Train,CNG,2.7627092908100237
220.43912863336936,21.798688026827318,19,21.123368090890384,0.732754249760494,76.37639295248253,Bus,Hybrid,8.076345528267044
124.72244327435882,9.951770526428184,4,10.649344284073841,0.8079294523832925,34.655244450872445,Motorcycle,Petrol,13.16064753364229
125.97065285293864,8.525920772611741,4,9.602336051179158,0.6547795060699773,37.76450687712067,Car,Petrol,13.146144897308861
160.57293359231687,13.255067767686185,5,9.534662870234083,0.565407699286279,34.60627439665234,Truck,Diesel,30.629775903856174
139.24275548923652,10.352553653644856,3,18.77676855078552,0.772290645212214,22.743894752921392,EV,Hybrid,14.103210088021774
75.42980382634029,4.962568200600719,30,11.159240179835068,0.7734428325453395,69.75918909791085,Train,CNG,2.868535439116232
188.77108074053683,2.7390025195838774,5,18.972565758812014,0.5154315101708664,10.270253124521256,Car,Electric,9.234004999994054
52.00670151263192,4.354465247394278,19,8.659010933373818,0.430009523108296,48.08968937727008,Train,CNG,2.3992676985681696
198.7131968033748,16.217368823712437,1,14.604753965705441,0.8382070224088763,12.88696091393482,Motorcycle,Hybrid,23.824881522716282
2.5980265630560497,2.6695717048011947,1,6.464511187874648,0.9273283133705634,16.70043911992562,Motorcycle,CNG,8.24116031888762
54.53494644171082,5.026858254142613,3,4.382986384586768,0.6104028059905356,75.74294892117224,Truck,Hybrid,6.778884687980814
41.055751505969624,0.0,1,4.154956980301522,0.7645419085325149,27.299104372376284,Truck,Electric,2.056049779670011
168.03108667683105,13.358545299126318,3,14.20943616780948,0.363511305197148,9.156215773591185,Motorcycle,CNG,15.10066514474286
117.74323930035882,9.406638621762818,5,13.268085342898159,0.415453978206492,73.33279681565872,Car,Hybrid,7.5691385206209185
98.35681155315795,7.958150895330501,1,12.810109155714528,0.8625986189867557,46.0012033254803,EV,CNG,10.567540096180194
227.8995799677082,20.236513757494617,4,18.171550343683823,0.44187386688101404,55.20772157701981,EV,Diesel,13.41081151287754
171.5607528132972,2.1816312275122267,5,13.72495527336233,0.5207902598736852,39.26652530065469,Motorcycle,Electric,4.417219934648028
167.48922845201747,10.214032731535918,44,11.743800311111,0.6562625414424657,57.029737757360735,Bus,Diesel,5.447295939467506
185.2330753913944,14.00108877149308,33,17.571260647619923,0.683582594624105,68.42493342995213,Bus,Petrol,8.447925985410835
216.8279960998761,3.3427398747734687,4,15.895017524285203,0.691062446825431,9.202208194429327,EV,Electric,10.037376322771397
107.05982469965784,12.443456830560034,3,18.49968868637037,0.8044237199278713,37.21978685070633,Motorcycle,CNG,18.4442864967687
184.26154601686943,14.849980758756715,1,18.836913685504808,0.745435539681532,1.6434427622515102,Motorcycle,Diesel,40.833635010885175
66.72951498304394,4.689981660398882,5,10.734278795831806,0.44627879763678285,67.83034742483834,Truck,Petrol,9.740583761038186
111.61033024518103,6.061391466141606,12,3.8182382628096923,0.8989054092215791,26.159129144023126,Bus,Diesel,7.78854447832815
219.61070638434407,17.812518360492003,3,18.585650337617054,0.9156744584765973,3.7317523406890185,Car,Diesel,44.02081176577659
144.68769783816086,11.587449296683527,34,17.034501722750953,0.8012641596430162,11.960380192930007,Bus,CNG,14.234313279894364
183.4487263723111,14.12815392900681,35,24.56893794503102,0.5323761552116513,77.51799225928328,Train,Hybrid,3.862439558916012
13.025454156222374,3.236725315576255,5,8.688304819267998,0.36583750926952696,41.03372620442688,Motorcycle,CNG,3.391922832415823
69.96876447653902,9.2535759709099,10,2.9799383431330853,0.3803999775697222,35.89493748734368,Train,Hybrid,2.21180133855351
32.49027478772607,2.9600851734523115,42,0.6063197036853896,0.8853837369391158,19.734548594532953,Bus,Petrol,1.3627577460185214
130.46195959341568,10.756720641186135,26,11.48473866094291,0.3713179508174135,44.76075019783685,Bus,Hybrid,3.6821472937966258
71.43446641472352,8.923915178515557,2,1.1229348707897389,0.3971269782994743,12.794207349474505,Motorcycle,Diesel,11.872421123701747
213.80576717394845,18.587779167442687,5,21.340509136929647,0.4878389159676762,36.2006718875623,EV,Petrol,13.429335960213573
31.295304200401837,4.051265936319133,3,7.464453542469682,0.6951606059984186,40.13727334817659,Motorcycle,Diesel,6.635918730785972
224.78889193820237,3.2283225420395927,5,20.739055197275658,0.7371115763995857,48.511542440721726,EV,Electric,7.602817872887156
156.94147451235168,13.224305992796905,1,11.684916384632775,0.9259192144983375,65.65886291399843,Truck,Diesel,67.05314697776137
187.83433304154366,2.276687950825993,3,26.34635400855919,0.5043828589948186,0.2795984887477676,Car,Electric,13.606858277806502
216.23444333925664,2.678437297710232,15,27.567599907986256,0.6108806507299565,64.26796267381596,Train,Electric,6.586635281502047
68.31085722110004,0.4016591021157279,3,7.619498725594813,0.3604550316301456,9.151644592102048,Truck,Electric,2.6696821750108835
41.64596842555122,5.656240604981359,5,7.299017219744319,0.48266870222657166,8.687249357725415,EV,Diesel,5.50304528023049
179.3708410718923,14.765777809160081,4,18.070070172567874,0.4169696280032934,78.82367385889994,Motorcycle,Diesel,14.139197001024792
104.1576298071858,10.280639199762579,8,11.678087997508031,0.8350997095344397,21.867172575361018,Train,Hybrid,9.219175496902192
108.12260268150754,9.268301547300098,38,11.873956450709185,0.7350879345075325,46.64114129769938,Train,Diesel,6.038609949308945
175.5866539863018,2.5727439269229584,30,17.87051098847034,0.6976480177578832,63.397350483088815,Bus,Electric,4.645282841629645
32.26785433885663,1.1319836108749879,4,6.071386061623759,0.5816201201715748,1.8953820253048992,EV,Electric,3.0223128401201462
53.11128876994928,4.330506694488246,4,0.0,0.39319745968307784,2.0563017260219407,EV,Petrol,1.6109676423919086
79.2229205786266,5.918882419456082,2,14.817867370358108,0.751670476137166,42.007583668494405,Truck,Hybrid,15.898739670271336
95.47545281697681,0.8088780513402829,1,13.589641363004533,0.6045359702199424,26.59558632260266,Motorcycle,Electric,6.03736142160562
35.67488475539526,0.0,27,3.404503044270754,0.7793775414655506,64.4976464619864,Bus,Electric,1.9454248409129264
49.68642608328403,9.740707378768988,40,8.001267655426794,0.6560097094120637,34.80689928831342,Bus,Petrol,5.3205397763916285
36.025056476421014,1.706632753545124,5,5.194443877893628,0.37163762566383524,36.58706665226611,Truck,Diesel,4.840550288931695
222.15234958641236,15.601581956243518,3,17.62616899279538,0.5616856617367156,75.37058191424342,Car,Hybrid,13.549806493408152
140.37233970679873,2.1310551578058696,27,18.324845795410504,0.3852737969402096,71.39016831652535,Train,Electric,2.519333523670317
115.15028389251104,12.13800073276287,2,2.1318754192375167,0.7830738447834336,44.53358852438861,Bus,Petrol,30.521927465447416
156.50538187526703,10.141756415851727,13,21.295206884123807,0.6250910063751967,39.53270567377014,Train,Petrol,9.97101654415325
133.83189232733406,12.452413640929638,3,16.100798931639815,0.8638092293802536,24.91099493360359,Motorcycle,Diesel,23.185642165068632
157.4397227674531,16.49596778022469,4,4.406993146212438,0.8543458600629666,50.01718317205325,Truck,Petrol,34.85204535262697
99.60449728564252,6.985002556218606,1,10.218325432974943,0.6043750226019002,31.155592576209692,EV,CNG,8.93718868581457
70.23242732093232,5.837829583453181,2,0.061964470755544454,0.833700498053618,43.41504355046119,Motorcycle,Diesel,8.129884786488832
199.42464070122574,1.9873061119078677,21,18.456917505372868,0.708102822757771,63.40092074534098,Train,Electric,5.352315114515541
150.44530848969515,10.24084245119901,5,13.21142017570038,0.35507691145359854,7.588962408895066,Bus,Hybrid,10.71174180964173
153.50066479364997,8.893644928301649,1,13.562876854809517,0.360095682207469,21.678678513258475,Motorcycle,Hybrid,10.698431075581004
227.6743224162454,20.662001920786743,3,23.90825594708757,0.8292372435370927,70.81363466181868,Car,Diesel,38.531841174374236
62.3521029722287,1.3866797151298305,5,3.7927807120243497,0.7567328153121954,25.37988783157875,EV,Electric,2.087191492014008
208.3529650471103,19.894614340372826,2,24.3687030557462,0.5851458059998125,27.88045428766165,Bus,CNG,51.64691071702403
117.24223158823135,9.478863819291075,5,11.492069047199953,0.5869601258771218,43.83519604904933,Motorcycle,Diesel,9.543639484390484
181.2808372873041,2.2354864732358477,43,18.383620630743735,0.7201839496260827,4.8677498156807975,Train,Electric,12.635010817082863
127.2331098553544,9.422538250297992,1,12.162175834573045,0.8577565180474755,29.98424966539578,Car,CNG,27.23384228714304
179.15684117064083,1.8856988666310373,3,17.45786407579085,0.6833137442635011,61.815441856308354,Truck,Electric,4.414431061968063
139.81660891986638,10.935275518234162,5,12.166629952935654,0.6458429649885022,30.367322933774503,EV,Petrol,9.073819793611193
193.66077719537464,16.53593945459199,1,22.358086770481055,0.6046191736609963,63.04583420704848,EV,CNG,16.462367406765008
72.87653432342805,4.886731512276173,1,7.366253812889083,0.4653560804758974,50.734871155972684,EV,CNG,4.675031178429836
32.629551820140286,0.817572458184151,15,1.3652968005506503,0.9118705488250931,39.191023359458555,Train,Electric,0.9505399637726861
144.4440502669981,11.605877439591344,2,18.730932386256097,0.7219824083698547,59.575293550091686,Car,CNG,23.760533876897878
155.36380460124923,12.751977258937254,3,12.660592332646669,0.590432004528599,12.986129707010328,Motorcycle,CNG,16.621280901871398
159.77063940517203,1.9110404119170883,2,18.036200888366842,0.9443587573957164,57.82626096336852,Car,Electric,8.150816475752535
151.10209699892295,12.317135442737866,5,13.519028076590004,0.4710910961378271,76.28008118625365,EV,Petrol,5.9209542193082605
93.99210819017303,7.034746131860587,3,8.326278020884235,0.5521561086212651,18.669735897253055,EV,CNG,6.14689776992613
55.325378722633694,8.251713421297582,4,4.53952374173466,0.8934542190979057,6.817734062122298,Motorcycle,Hybrid,7.199669793176851
133.05557383665356,10.509294509881828,14,11.442565350043903,0.7391417800186266,45.078304124484816,Bus,Petrol,10.415506153362493
142.67993832515478,9.239875594778859,16,20.72971492522986,0.48586111405986565,40.00541814452901,Train,Diesel,7.604849873689999
83.40372536863279,9.949964041843687,4,13.102471356685847,0.7413071631748192,31.82197769138802,EV,Petrol,10.194334923373066
234.45320338488833,17.245165137283355,4,21.695027110552317,0.5085963345650193,48.68909909939824,EV,Hybrid,9.173947204488252
156.34154414682237,11.858093859181865,21,10.046662777551093,0.44265165681334023,9.912027662664817,Train,CNG,5.839971923927074
5.434216201544046,4.115451991283472,15,0.0,0.5660318764964767,42.167847133797,Train,Diesel,0.692253549225338
80.65808427524324,8.073781792490653,1,15.206319635387882,0.8350696468957044,78.98721309021248,Car,CNG,18.36409970050461
187.27863320807174,3.0775950879206317,22,15.61516618369571,0.7939243428997607,59.97850535570518,Train,Electric,4.91333594135519
88.63177545854174,6.772244663091215,3,11.505869197863177,0.8007050841031567,63.28008689293122,Train,CNG,7.281443231110736
128.1626153539372,9.08354838868378,29,15.215568637236327,0.5063104431155193,72.97096039198595,Bus,Diesel,5.033718563935291
243.74031471931133,23.404915714803092,4,27.909171316978977,0.7681220297148792,51.516635728734485,Car,Diesel,41.613386871583806
226.57566801199383,17.616193594971556,11,30.146505503745196,0.5124952606681397,56.65751843270111,Train,Petrol,10.136452275825455
138.04089168968233,11.562909130124584,2,12.748071199897048,0.7841209303379291,57.14395297544911,Motorcycle,Hybrid,10.618137386031743
222.80878441025345,16.09839414126923,3,28.508456841415075,0.4215156106343827,50.55671812750915,Truck,Hybrid,25.87654349988921
120.35066191668116,0.9517808535497553,12,4.986594141777941,0.8954744426406899,28.54339300266039,Train,Electric,2.9149462856611006
144.9445067610323,1.6241062525252872,2,15.917224204558075,0.688905410598745,43.027712893256115,Truck,Electric,6.129922783515813
150.21426590204103,2.0698930425853423,36,8.759317680330351,0.49925571419818354,76.09759095766205,Bus,Electric,1.5289610948835617
8.730709803276715,1.9507178803146723,3,3.557120689171674,0.8216217905875061,56.412994172477184,EV,CNG,1.7355708480511365
241.4636667954425,20.821088130217664,3,22.298394670127205,0.7275187632977566,47.81968679636745,Motorcycle,Hybrid,18.129557362842654
3.2850739591686784,0.0,2,0.10839553035568317,0.5045914948086642,72.55641785940499,EV,Diesel,0.05
199.6291512325156,3.0249237205105373,1,21.055291545777763,0.8683156363045896,59.363980265673646,EV,Electric,6.331317024751838
225.59043313706118,2.1305983424122106,37,21.612621215912803,0.8840975345582451,36.356938253135745,Train,Electric,11.652009212592365
15.353897390312316,1.9745100690588622,2,0.0,0.9359258080718381,0.44009392318390184,Motorcycle,Hybrid,1.9392100404773718
62.35940455498273,6.6822717261596685,1,5.997266533256159,0.36637005575831905,2.1548612327026184,Car,CNG,15.37978724315311
246.70457079975773,23.103558553881243,3,29.591490911494557,0.41027348347868964,41.774148479338535,Motorcycle,Petrol,28.324151852598682
64.26329307160762,2.770004818638186,5,4.747993936556756,0.3505732000540883,18.31470194463556,Car,Diesel,5.194698328912652
32.723778352389104,0.4036153560557659,3,0.0,0.793118965412433,70.96180724467067,Car,Electric,0.05
165.72360195128581,12.63887710462878,8,17.159860887615856,0.9271743114710255,76.98761614005697,Train,Petrol,7.422475856219112
82.79630219219254,6.627292431781421,3,3.4303605060514233,0.4827328340147464,29.531414574621486,EV,Petrol,4.099895127948334
33.01587772412822,2.9937715110560648,3,0.0,0.43421660087405506,46.72175606609498,Motorcycle,CNG,2.1191025693894705
44.29310807712878,0.4906836346906102,5,0.3072487981624601,0.576061082778041,64.81678845594766,Motorcycle,Electric,0.05
236.9511605020382,16.982667393966363,1,27.460643852165198,0.7492050332612121,17.363704252660767,Motorcycle,CNG,39.12029153304856
199.5710151134686,13.71065086641882,2,15.68998456111726,0.41934728381220104,76.47111259930622,Car,Hybrid,13.94514199751442
210.04559278834725,19.022866890555377,3,16.900231275109462,0.729549426437145,60.53998499607454,EV,Hybrid,10.612523387030338
69.34821189493124,7.149115585211964,1,15.487519071433955,0.6942684482382059,66.95602898553284,Car,Petrol,19.960904706555613
169.685330365296,13.474930800448252,8,11.751603974156627,0.5512615244767766,18.79425436404273,Train,Diesel,9.880947747393964
86.18656870153127,5.223425724655401,36,3.223954244657297,0.5123117580261206,3.5815591990732276,Bus,Hybrid,2.347159091055553
142.91101052501895,13.535322350860158,2,14.753299145159755,0.924751899661241,46.751395791089074,Truck,Diesel,55.43399293094902
133.77449081082406,10.762821095188823,4,13.013589501917092,0.7640151873383663,18.390998763711757,Truck,Hybrid,19.201960526753513
100.99059623418505,1.3305116060540592,36,14.897277502721813,0.8710649273232313,23.266924027682272,Train,Electric,10.581658140606958
80.64766329002046,10.42234587608424,5,11.869427012117754,0.6203241706325,53.24697336986044,Motorcycle,Petrol,9.944253438218281
106.742891435546,10.137744174752278,21,7.792896994117205,0.43158163403622307,18.61851832807499,Train,Petrol,4.8297435366942105
40.74364369158047,6.310877030387845,4,5.275538118922767,0.40692870720300106,68.15964875355826,EV,Diesel,4.649968958182545
86.14505799594181,7.597159817968433,3,14.314823130095963,0.7105347359050314,44.67849387246755,Motorcycle,Diesel,14.061616486736856
249.81645562295273,3.388793775209486,37,32.858548829583924,0.8634850412202953,76.36198891073107,Train,Electric,6.4606256932349755
43.03398982598884,1.142157044912817,3,0.0,0.6924336157515014,63.843418758840684,Truck,CNG,2.7518134570180135
105.51912464924241,7.73764209471708,2,11.898741231949465,0.3630828666683119,40.30004537064776,Car,Petrol,16.13243351829744
184.39044327302616,14.74567965557332,4,14.262156264997984,0.35343854042787276,9.238869889835915,Truck,CNG,29.812608828498483
230.73862326219586,2.78032169641726,3,20.029726711712442,0.7639640177672437,28.546213812637895,EV,Electric,10.251599114509283
101.8931829262103,1.1858383845077003,15,4.370742801188615,0.44777434747238265,52.7072055556518,Bus,Electric,0.7626555496404148
69.17405308924786,8.720177024120536,31,8.870223867859076,0.9235905616041209,10.453640718292476,Bus,Hybrid,8.665756242554412
176.78964069465573,1.909679294225021,3,20.748318860347865,0.3533836908935102,78.57638997098462,Car,Electric,2.2078724515449655
101.77749873313351,9.494670047120037,4,9.455949764804688,0.7240159549780415,41.140938374689604,Motorcycle,Diesel,11.915258091305002
165.3681872304436,11.354611098806217,24,18.76305523541765,0.39095786333114035,55.27094371450282,Bus,CNG,6.2123366173910295
70.24056032064273,1.548885897472955,1,15.097118207233017,0.6642693145421568,10.850104909266278,Truck,Diesel,16.669421631697535
28.059408219294845,2.886051894793935,1,6.795479156754955,0.4651158342398246,79.09296443280658,Truck,Hybrid,7.129725015177559
57.07189333432741,1.1444908596574255,34,16.151600046984107,0.8191671650277694,29.16609981944547,Bus,Diesel,9.726153242666594
121.55085477328808,8.752280076042418,9,14.65806364968716,0.5239350031274601,56.28698057426047,Bus,Diesel,12.196229846693022
117.42928287746334,9.614628213544695,4,13.385134827979517,0.8220535232937424,48.076099547981286,EV,CNG,8.831727977909576
129.45676947173297,13.150517651474399,5,3.8309209333918695,0.6726235910322402,3.908792540643926,Motorcycle,Diesel,11.610588193790337
227.1943073872859,3.3595007580831644,5,22.178978615102075,0.8460003328262324,43.73473692556224,EV,Electric,10.542468763930039
141.48254527238257,1.4509148003436172,32,17.499667922710806,0.7273457713416434,73.03304671057396,Bus,Electric,2.682819796295323
215.28589815509642,18.601267024236666,3,26.487417443786136,0.7759173795364993,60.54744344636387,Motorcycle,CNG,22.255994123005166
164.87514396766804,16.217915327479872,41,11.169707138117174,0.7811950566470731,6.869663839228908,Train,Diesel,9.346343082455283
34.91633252031037,3.599328532472107,1,5.8210436814995274,0.42003113640557554,45.94171759356687,Truck,CNG,14.724938237130784
93.35921651458303,8.152100496929181,42,3.3593004252596357,0.4366708397115639,51.69433348880606,Train,Petrol,0.7455890226540931
172.3895366469011,15.580379170547978,2,17.902774924298313,0.6237865877631221,52.77539828328948,Train,Hybrid,11.480535177361324
120.32755252298183,9.244231176070963,1,8.826837649326087,0.39355485579419913,62.965610154188674,Truck,CNG,34.57422075992739
99.85336255150095,7.474474447965375,2,8.579723183128168,0.7208054662294572,24.91098497661694,Truck,CNG,24.324582950457312
217.6031426058021,18.975621822071282,18,16.240391596965427,0.5462118274067514,3.798566222258346,Bus,Diesel,19.186917944212855
99.43473492005971,11.504557847660141,5,12.20907890264295,0.9308278551092365,34.30063226045846,EV,Diesel,11.762802631028661
107.73560469164059,11.396397843005637,41,11.312512643234273,0.5667039862506141,52.63751715954571,Train,Diesel,4.047998375119743
225.6293916550627,16.29997173339858,9,22.20265038227185,0.8911499977113225,43.74534946174167,Train,Hybrid,13.598750740035218
219.72586917054264,3.1334193101811674,4,24.62503644131719,0.6720970407212885,27.185146883463442,Car,Electric,12.933409825187354
67.550430578084,4.9441608507748915,15,4.8013964335462544,0.921767908414887,46.03225066693908,Bus,Petrol,5.298537731099915
97.31231214781573,9.347595315678818,1,10.026419141859064,0.515677920591598,52.472169573100224,Car,Hybrid,13.475973750584746
192.982949661854,2.7137548814021377,4,16.821747136282966,0.4048821413161871,13.55524804360388,Truck,Electric,5.749086243465182
228.6301101941922,16.908405638101996,40,26.925660152961875,0.8542048268081349,42.89884280176773,Bus,Hybrid,15.637200509897646
137.99448091024027,9.475482074020285,4,17.131252921514765,0.6054815338589473,28.041651591785424,Motorcycle,Hybrid,11.311186673326308
95.97573404591706,6.949224503283786,1,6.337696177927622,0.4214367724293795,63.17212123854794,Motorcycle,Petrol,11.10592357958171
33.87711597431609,0.566671586448174,22,4.098317103916819,0.35852781774478515,17.28724306697547,Train,Diesel,0.6315841066643735
214.14755502997693,17.10277733044213,2,21.07437562129803,0.5416482355421346,79.988867856631,Bus,Diesel,49.87327671749201
135.2633160650735,12.425713626620091,2,12.794688445756519,0.6752497518744504,1.0942915418942256,EV,CNG,14.419826765457442
144.75034934318776,10.188230698906047,2,18.147965040452572,0.8089923072807487,58.98116160734742,Car,Petrol,22.950221372607096
149.55860432046023,2.4547311007191306,4,21.62229606530571,0.8765808780838434,36.91848573660765,Truck,Electric,11.933695097676605
28.194062934697232,0.46514325063949236,4,4.50020832092274,0.6478434826758798,59.90009581956479,Motorcycle,Diesel,1.774347762242461
248.17764503588506,22.494386661281816,24,22.812483732715393,0.8495044537260963,51.831136133052794,Train,Diesel,11.897770747661413
35.28299542293034,3.144430868353692,1,2.304259049905799,0.4037113558029818,28.620204953025947,Motorcycle,CNG,5.377919561072124
229.25398715042417,21.47070974629815,2,27.450827324055687,0.4424431574624162,3.869394095932126,Car,Hybrid,30.950082054843882
161.28001801942463,14.671901375914867,5,23.577970490151955,0.5384999671445515,33.47116437308013,Car,CNG,20.976045065937278
239.04316309231334,17.886744441349055,2,21.544768546440135,0.41810487278513214,52.24997340431528,Truck,CNG,51.66621619585104
143.96287367747726,10.101552134105019,3,12.606610790989018,0.92167048974527,0.2785538947689403,Truck,Diesel,39.54869660415851
46.688155079819595,6.970382563045456,5,2.2440677174454247,0.8383825731913161,28.277989744459873,EV,Petrol,3.314591944058446
98.05203811952006,8.948253724915572,35,6.375820801735308,0.5147504015974655,33.964482999507226,Train,Hybrid,2.4315544781445766
126.71774584685278,1.2761230611032375,2,13.327297660989439,0.5261547857958278,63.23307920355263,Motorcycle,Electric,2.555534971272048
6.848392967457306,0.0,41,1.9805978650898037,0.9182375851348571,79.99816163341553,Train,Electric,0.42869408088897676
28.81578461039373,0.6890850101382675,1,9.398370520274938,0.6513667470853592,52.94074730095751,Bus,CNG,4.59285096909364
126.382146200774,8.1013385881257,40,11.958946475697108,0.6162743440875997,42.60241033479466,Train,Hybrid,3.3768511449314254
241.18452027669065,21.759505521272636,30,29.39460937132999,0.7119120158436023,43.6142914127819,Train,Petrol,13.624304664931795
175.17750585787485,16.89161469905563,5,17.776022483337048,0.8722325632415258,53.794944220534276,Motorcycle,Petrol,18.619632923094137
6.884199692461294,3.9670667821700176,5,0.0,0.450122671705055,15.146264513810568,EV,Hybrid,0.14076166716355243
195.5673082149156,15.90401894407826,1,19.766196114252107,0.45341862895063745,8.872670805077538,Truck,Hybrid,43.09888632672798
99.03725422304429,9.494530197044119,31,15.386911665359792,0.6545027693660233,65.81157254681511,Train,Diesel,4.464434728023077
68.4835380376068,3.638439784853666,3,7.438316421492435,0.7390436770689934,78.09014233300715,Train,CNG,3.432838647249552
77.72579540872651,5.551991922819707,3,12.714493930729237,0.35430266303136193,70.73680332520034,Motorcycle,Hybrid,3.667340615548083
75.98578175292153,9.03078457631147,3,10.190021445238177,0.9017192388711694,23.931127284168852,Truck,Diesel,31.99468766835538
213.8516998480557,16.36924690235152,12,17.127021885781577,0.4221875405578093,35.19980575988336,Bus,Diesel,17.23353023217766
221.19893336933526,16.847136895183453,5,22.435594187666428,0.8937088194488683,78.13362934448529,Motorcycle,CNG,13.437202467274535
237.58089334155022,16.99426569997441,27,23.395456631206322,0.938710263314491,72.21811830133593,Bus,Diesel,12.079141749733537
6.496897314021962,0.0,1,0.708497032519945,0.44629064196311735,63.25195701606859,Motorcycle,Hybrid,0.05
95.59315930843698,11.060349168121952,2,3.633995687843151,0.6136293395407966,29.690204524218533,Train,Hybrid,5.869102562165668
205.65556843130872,15.972863749246061,1,9.490063957273422,0.882773949617481,23.942269769765634,Truck,Petrol,72.37671754070851
102.30304011318934,5.024822413073637,3,4.9440191625207515,0.6575714098804689,45.909076173185966,Car,Petrol,8.45412744888887
246.43765670343603,20.96509836379602,3,24.04683332962365,0.5435838406063184,71.72498719362463,Car,Hybrid,18.587863316233868
186.07380161405794,14.844417330895944,1,17.94098693080732,0.8353594925544806,23.502423341205674,Car,Diesel,51.85589611416192
182.09971380914124,16.680545025490513,4,14.287488137844434,0.7951335601029212,8.51919180629495,EV,Petrol,17.021409317694207
105.49933796300358,7.068493735161347,2,8.853312763376588,0.37936021731550584,67.0649377513823,Motorcycle,Petrol,8.91862464049486
176.08679631664037,15.096121180295624,1,22.598384978958762,0.41979626017077765,0.2062888389269002,Car,Diesel,48.87321860451465
237.4095687668413,16.683627889999535,3,22.43418652233633,0.8989876503669202,26.172532868643373,Car,CNG,34.25860403349954
174.17082612364328,14.409343977312606,3,18.82073449160474,0.5810002272031061,25.37048110697599,Motorcycle,Hybrid,14.412358040040349
205.30605892364008,17.99926366413071,38,18.92967465274058,0.4785534937600771,60.94092842576664,Train,Diesel,5.449353315025239
194.5483069360472,16.96516805431172,10,16.9252636662073,0.6036250486660297,79.31890374360724,Train,Hybrid,4.606382452372329
233.9301186661408,14.74662444844088,3,21.097251211816413,0.5707146368182415,50.600679692291735,Motorcycle,Hybrid,12.767089110502607
247.9984934860621,19.882033887566205,1,26.15293824391506,0.590942572281978,37.43943731018356,Car,Diesel,62.857897598319624
67.8109042595278,0.7453755336574985,3,1.734790176361586,0.9481517433257137,53.58400761447776,Car,Electric,1.4643018373017447
212.98200757108359,18.188255356970366,5,19.244215752316133,0.648371614526604,53.85760216667342,EV,Petrol,10.907052401618836
93.41854215897034,0.8627870118888077,1,10.263812789616454,0.48487466112084276,19.785861883181397,Truck,Electric,3.7091459799468356
80.80731774979677,5.187756155506237,1,11.960966135810091,0.6965869679450261,12.803578171128187,Motorcycle,Hybrid,11.382761273134374
139.03137996367903,13.168210264701703,5,13.21425744399151,0.458571569648776,37.04122797890637,Truck,Hybrid,14.479265969198645
167.2005139542936,2.3055979874482846,29,18.62206072803689,0.6055952591442153,18.861693837916693,Bus,Electric,8.958315727372845
13.230735822725869,4.54004163805871,1,0.05495510311325269,0.6126736798030827,15.689628411560976,Motorcycle,Petrol,7.543824591254292
16.081696443176963,2.246263582053351,3,14.074986609613376,0.5859060124425178,9.430037660556794,EV,CNG,8.305735430281064
150.8073015522512,11.762095923845052,2,12.732632590956923,0.5506337004923131,19.274038441853108,Car,CNG,23.21951948039207
100.37513897092359,1.6335081518944163,7,11.921782996489922,0.4051203121320676,35.24047801338084,Bus,Electric,3.2248834919391136
115.54486398635746,1.5256701673458697,3,10.672908424651283,0.6996691413265759,43.31599684439126,Motorcycle,Electric,4.438138928430338
73.38191351696489,4.896043755219802,5,4.106901810450516,0.5103302979090982,72.22545665120622,Truck,Petrol,8.408357159215898
107.27271833566255,11.471280362935744,1,12.944837174260787,0.5587200953564326,45.234855906187605,EV,CNG,11.739639264700697
235.63279795049718,19.60779597745351,40,22.792529290702404,0.730896567526913,0.3091105873366562,Bus,Diesel,22.234206221948494
95.61243180710298,9.84751438228323,12,12.22942537104491,0.40557668524518414,7.053448553932684,Train,Hybrid,5.500489585372593
171.64478222196175,12.358666185349318,5,12.42418204898315,0.8741838478614818,16.124474213707238,EV,Hybrid,11.788251588566132
191.3044416632458,15.85237903661007,9,13.926066180199335,0.5773577944732988,77.2107518624007,Bus,Hybrid,8.662799624819414
211.96032313524773,18.171741614385958,2,15.267350318002688,0.7777279140003162,40.045436863245314,EV,CNG,16.29731277659359
104.28261262531615,6.358895038964921,5,17.819500108330033,0.8755984036095986,30.36408856597424,Car,CNG,15.981882224648276
50.38977375252375,3.149390796426232,4,0.0,0.6400394167327608,17.82558588511005,Car,Petrol,3.923285199360384
195.69628507300075,17.803908213727162,4,18.503271052761647,0.4297658619644242,47.10296252483927,Car,Hybrid,14.253862489800657
64.16938139824663,5.964475179080466,15,0.0,0.682453547372954,52.7462142211402,Train,Diesel,1.6818097727060506
115.01282128525355,8.620892479041954,4,15.341565984211758,0.5018384790186322,79.0296577395779,Car,Diesel,13.182740109075066
197.98826623441073,16.97833957931881,29,18.38255138596324,0.4614370657937288,77.37253152129335,Train,CNG,2.963548695376392
24.349324431605563,0.0,19,7.932817307122219,0.5064415986540287,57.50086253985217,Bus,Petrol,0.3566290070473406
83.14705054022907,6.889511166661619,4,8.051112902787368,0.3919186555848866,47.98942758620629,Car,CNG,7.8639879623176645
70.61268793808834,0.9980449967037429,6,3.9046099967192105,0.7719112489433926,43.75994731218364,Bus,Electric,1.329114118769922
146.14741947455843,14.328631974285084,23,14.083556135693208,0.8252395250547784,15.749680685149379,Bus,Petrol,16.08236611930466
210.71397199476135,19.63165356737969,1,18.648838192842803,0.42635457097083584,39.99659681500877,EV,CNG,19.963388247219143
117.09701431957217,9.348199993907745,33,9.204939955454321,0.7032600197721308,55.53736477503931,Train,CNG,3.438701434742489
